timestamp,hour_of_day,day_of_week,active_users,requests_per_minute,db_connections,avg_response_ms,requests_lag_1h,requests_lag_24h,requests_lag_168h,requests_rolling_mean_24h,requests_rolling_std_24h
2026-01-01 00:00:00,0,3,215.0,465.4,40.0,134.8,,,,465.4,0.0
2026-01-01 01:00:00,1,3,191.0,494.3,30.0,105.6,465.4,,,479.85,20.43538597629123
2026-01-01 02:00:00,2,3,188.0,431.4,41.0,137.7,494.3,,,463.7,31.484440601668645
2026-01-01 03:00:00,3,3,211.0,500.2,38.0,128.8,431.4,,,472.825,31.52632497876445
2026-01-01 04:00:00,4,3,241.0,583.3,47.0,127.4,500.2,,,494.91999999999996,56.448002621882026
2026-01-01 05:00:00,5,3,219.0,498.9,37.0,119.9,583.3,,,495.5833333333333,50.514766817898575
2026-01-01 06:00:00,6,3,252.0,555.2,41.0,125.6,498.9,,,504.09999999999997,51.324328214470256
2026-01-01 07:00:00,7,3,216.0,441.7,41.0,139.7,555.2,,,496.3,52.3888755912387
2026-01-01 08:00:00,8,3,200.0,433.7,35.0,139.8,441.7,,,489.3444444444445,53.26291184095907
2026-01-01 09:00:00,9,3,205.0,460.0,37.0,132.9,433.7,,,486.41,51.06693755367665
2026-01-01 10:00:00,10,3,221.0,522.7,36.0,139.6,460.0,,,489.70909090909095,49.666617653016296
2026-01-01 11:00:00,11,3,217.0,513.8,34.0,103.3,522.7,,,491.7166666666667,47.863192032240725
2026-01-01 12:00:00,12,3,222.0,484.7,49.0,110.6,513.8,,,491.1769230769231,45.86682086661617
2026-01-01 13:00:00,13,3,236.0,503.3,45.0,127.4,484.7,,,492.04285714285714,44.18636605396449
2026-01-01 14:00:00,14,3,232.0,515.1,34.0,135.6,503.3,,,493.58,42.99322537995293
2026-01-01 15:00:00,15,3,286.0,633.7,46.0,143.4,515.1,,,502.3375,54.33498412625149
2026-01-01 16:00:00,16,3,310.0,705.2,56.0,152.4,633.7,,,514.2705882352941,72.03157957370057
2026-01-01 17:00:00,17,3,326.0,664.6,61.0,164.9,705.2,,,522.6222222222223,78.35072397695137
2026-01-01 18:00:00,18,3,342.0,826.7,52.0,139.6,664.6,,,538.6263157894737,103.26799462297258
2026-01-01 19:00:00,19,3,418.0,890.3,79.0,156.4,826.7,,,556.21,127.61943384428893
2026-01-01 20:00:00,20,3,373.0,847.2,67.0,182.7,890.3,,,570.0666666666666,139.65863859186558
2026-01-01 21:00:00,21,3,398.0,1100.7,73.0,170.3,847.2,,,594.1863636363637,177.12838038701798
2026-01-01 22:00:00,22,3,318.0,681.8,53.0,147.8,1100.7,,,597.9956521739131,174.01751865378085
2026-01-01 23:00:00,23,3,341.0,721.8,59.0,147.4,681.8,,,603.1541666666667,172.05850870173978
2026-01-02 00:00:00,0,4,208.0,470.2,42.0,107.9,721.8,465.4,,603.3541666666666,171.8941331906424
2026-01-02 01:00:00,1,4,196.0,449.4,28.0,134.4,470.2,494.3,,601.4833333333332,173.37064007662804
2026-01-02 02:00:00,2,4,185.0,410.4,30.0,97.8,449.4,431.4,,600.6083333333333,174.3167828899485
2026-01-02 03:00:00,3,4,223.0,496.9,43.0,116.1,410.4,500.2,,600.4708333333334,174.4007092106807
2026-01-02 04:00:00,4,4,193.0,401.8,36.0,112.1,496.9,583.3,,592.9083333333333,179.0508354257714
2026-01-02 05:00:00,5,4,226.0,415.5,33.5,132.35,401.8,498.9,,589.4333333333333,181.74372464895555
2026-01-02 06:00:00,6,4,190.0,429.2,31.0,152.6,415.5,555.2,,584.1833333333333,184.57345342747678
2026-01-02 07:00:00,7,4,218.0,518.5,34.0,102.3,429.2,441.7,,587.3833333333333,182.65152296266163
2026-01-02 08:00:00,8,4,222.0,562.7,36.0,121.4,518.5,433.7,,592.7583333333333,179.80830835537938
2026-01-02 09:00:00,9,4,194.0,406.8,41.0,115.5,562.7,460.0,,590.5416666666666,181.83263187473463
2026-01-02 10:00:00,10,4,207.0,493.6,40.0,139.7,406.8,522.7,,589.3291666666668,182.40081874140873
2026-01-02 11:00:00,11,4,219.0,490.9,39.0,129.8,493.6,513.8,,588.375,182.87238898251948
2026-01-02 12:00:00,12,4,256.0,614.4,48.0,121.1,490.9,484.7,,593.7791666666667,181.58732712716602
2026-01-02 13:00:00,13,4,236.0,582.5,43.0,123.8,614.4,503.3,,597.0791666666667,180.58845834169992
2026-01-02 14:00:00,14,4,234.0,516.2,38.0,113.3,582.5,515.1,,597.125,180.56688571659896
2026-01-02 15:00:00,15,4,265.0,620.5,47.0,133.5,516.2,633.7,,596.575,180.47071363038623
2026-01-02 16:00:00,16,4,352.0,705.7,63.0,144.4,620.5,705.2,,596.5958333333333,180.48382675745353
2026-01-02 17:00:00,17,4,379.0,874.8,55.0,148.0,705.7,664.6,,605.3541666666666,188.8343487987074
2026-01-02 18:00:00,18,4,332.0,713.9,64.0,133.3,874.8,826.7,,600.6541666666667,184.43822102045013
2026-01-02 19:00:00,19,4,372.0,788.8,73.0,159.3,713.9,890.3,,596.425,178.57849388507248
2026-01-02 20:00:00,20,4,342.0,836.3,62.0,141.8,788.8,847.2,,595.9708333333334,177.92565247307937
2026-01-02 21:00:00,21,4,386.0,862.4,63.0,174.5,836.3,1100.7,,586.0416666666666,153.50828023741678
2026-01-02 22:00:00,22,4,386.0,880.2,69.0,137.1,862.4,681.8,,594.3083333333333,163.88086583980999
2026-01-02 23:00:00,23,4,358.0,796.4,64.0,131.2,880.2,721.8,,597.4166666666666,167.08037812269637
2026-01-03 00:00:00,0,5,129.0,287.5,18.0,106.0,796.4,470.2,,589.8041666666667,176.9964467321226
2026-01-03 01:00:00,1,5,159.0,424.0,31.0,118.4,287.5,449.4,,588.7458333333334,177.94587349789134
2026-01-03 02:00:00,2,5,138.0,326.2,21.0,120.5,424.0,410.4,,585.2375,182.38952060976771
2026-01-03 03:00:00,3,5,162.0,365.5,35.0,96.0,326.2,496.9,,579.7624999999999,187.0687151417431
2026-01-03 04:00:00,4,5,144.0,327.1,23.0,112.2,365.5,401.8,,576.65,190.7437821654552
2026-01-03 05:00:00,5,5,132.0,315.8,21.0,126.5,327.1,415.5,,572.4958333333333,195.434033080812
2026-01-03 06:00:00,6,5,175.0,399.1,29.0,116.1,315.8,429.2,,571.2416666666667,196.48733539598555
2026-01-03 07:00:00,7,5,135.0,325.7,22.0,101.3,399.1,518.5,,563.2083333333334,202.5841186888241
2026-01-03 08:00:00,8,5,170.0,405.9,36.0,140.2,325.7,562.7,,556.6750000000001,205.11382894892046
2026-01-03 09:00:00,9,5,175.0,408.7,30.0,122.1,405.9,406.8,,556.7541666666667,205.05382533918242
2026-01-03 10:00:00,10,5,157.0,386.3,23.0,102.6,408.7,493.6,,552.2833333333333,207.64404045440827
2026-01-03 11:00:00,11,5,126.0,286.2,24.0,93.3,386.3,490.9,,543.7541666666667,214.37022014783662
2026-01-03 12:00:00,12,5,159.0,323.0,27.0,126.1,286.2,614.4,,531.6125000000001,218.40917784605887
2026-01-03 13:00:00,13,5,188.0,412.8,31.0,98.6,323.0,582.5,,524.5416666666666,219.43465287884237
2026-01-03 14:00:00,14,5,192.0,398.9,28.0,129.1,412.8,516.2,,519.6541666666666,220.92975271352213
2026-01-03 15:00:00,15,5,207.0,505.3,38.0,110.9,398.9,620.5,,514.8541666666666,219.89248159076521
2026-01-03 16:00:00,16,5,253.0,548.9,41.0,143.2,505.3,705.7,,508.3208333333334,216.27526136277427
2026-01-03 17:00:00,17,5,266.0,611.3,59.0,123.2,548.9,874.8,,497.34166666666664,203.15227297397598
2026-01-03 18:00:00,18,5,256.0,651.9,55.0,157.0,611.3,713.9,,494.75833333333327,200.65762082986421
2026-01-03 19:00:00,19,5,277.0,687.1,53.0,123.9,651.9,788.8,,490.5208333333333,195.17705669505582
2026-01-03 20:00:00,20,5,268.0,651.0,60.0,137.0,687.1,836.3,,482.79999999999995,184.2639387683735
2026-01-03 21:00:00,21,5,279.0,615.2,45.0,139.5,651.0,862.4,,472.5,168.34372446045475
2026-01-03 22:00:00,22,5,275.0,709.7,59.0,134.8,615.2,880.2,,465.3958333333333,153.31756040881382
2026-01-03 23:00:00,23,5,240.0,501.4,49.0,124.1,709.7,796.4,,453.1041666666667,136.53329098465906
2026-01-04 00:00:00,0,6,171.0,423.7,26.0,132.2,501.4,287.5,,458.77916666666664,132.1095954095519
2026-01-04 01:00:00,1,6,156.0,369.8,29.0,101.3,423.7,424.0,,456.5208333333333,133.18882306927952
2026-01-04 02:00:00,2,6,156.0,342.5,29.0,103.4,369.8,326.2,,457.20000000000005,132.53534393249404
2026-01-04 03:00:00,3,6,174.0,378.5,31.0,141.7,342.5,365.5,,457.74166666666673,132.17033777820927
2026-01-04 04:00:00,4,6,161.0,366.0,31.0,126.8,378.5,327.1,,459.3625,130.7292582683442
2026-01-04 05:00:00,5,6,152.0,321.5,30.0,113.8,366.0,315.8,,459.6000000000001,130.462008462901
2026-01-04 06:00:00,6,6,149.0,336.7,26.0,105.0,321.5,399.1,,457.0,132.32858312943435
2026-01-04 07:00:00,7,6,144.0,310.1,22.0,133.3,336.7,325.7,,456.34999999999997,133.03798411503175
2026-01-04 08:00:00,8,6,176.0,463.2,32.0,111.4,310.1,405.9,,458.7375,132.60669801595918
2026-01-04 09:00:00,9,6,149.0,362.8,30.0,128.8,463.2,408.7,,456.825,133.68633064004763
2026-01-04 10:00:00,10,6,162.0,398.6,21.0,134.2,362.8,386.3,,457.33750000000003,133.4275371242519
2026-01-04 11:00:00,11,6,157.0,367.4,26.0,115.0,398.6,286.2,,460.7208333333333,129.88169526339303
2026-01-04 12:00:00,12,6,171.0,416.4,31.0,112.1,367.4,323.0,,464.61249999999995,126.94173368124501
2026-01-04 13:00:00,13,6,169.0,348.7,32.0,124.3,416.4,412.8,,461.94166666666666,128.7408347659437
2026-01-04 14:00:00,14,6,187.0,455.7,36.0,112.3,348.7,398.9,,464.30833333333334,128.0517793254195
2026-01-04 15:00:00,15,6,220.0,486.0,40.0,127.4,455.7,505.3,,463.5041666666666,127.84359152858491
2026-01-04 16:00:00,16,6,230.0,579.1,49.0,111.7,486.0,548.9,,464.7625,128.8652103775581
2026-01-04 17:00:00,17,6,239.0,571.8,37.0,125.5,579.1,611.3,,463.1166666666666,127.15316907492804
2026-01-04 18:00:00,18,6,280.0,669.0,47.0,136.5,571.8,651.9,,463.8291666666667,128.29974576940083
2026-01-04 19:00:00,19,6,301.0,711.3,52.0,142.4,669.0,687.1,,464.83750000000003,130.2116197730186
2026-01-04 20:00:00,20,6,318.0,625.9,63.0,157.7,711.3,651.0,,463.7916666666667,128.7439181059653
2026-01-04 21:00:00,21,6,316.0,774.1,58.0,138.5,625.9,615.2,,470.41249999999997,140.42476652766047
2026-01-04 22:00:00,22,6,294.0,766.8,51.0,135.4,774.1,709.7,,472.7916666666667,145.06233118055272
2026-01-04 23:00:00,23,6,251.0,562.1,47.0,113.6,766.8,501.4,,475.32083333333327,146.10818796556146
2026-01-05 00:00:00,0,0,306.0,741.4,61.0,135.5,562.1,423.7,,488.55833333333334,155.3289242547731
2026-01-05 01:00:00,1,0,313.0,659.0,57.0,173.3,741.4,369.8,,500.6083333333333,156.92488903007566
2026-01-05 02:00:00,2,0,269.0,658.6,51.0,144.0,659.0,342.5,,513.7791666666666,156.34194680158694
2026-01-05 03:00:00,3,0,317.0,667.2,52.0,146.5,658.6,378.5,,525.8083333333333,156.5871306741193
2026-01-05 04:00:00,4,0,251.0,587.8,45.0,137.4,667.2,366.0,,535.05,153.25506445990223
2026-01-05 05:00:00,5,0,312.0,744.0,71.0,130.0,587.8,321.5,,552.6541666666666,151.91851070533704
2026-01-05 06:00:00,6,0,300.0,619.7,65.0,159.3,744.0,336.7,,564.4458333333333,145.26501712138207
2026-01-05 07:00:00,7,0,349.0,827.0,60.0,152.5,619.7,310.1,,585.9833333333333,144.23025572558183
2026-01-05 08:00:00,8,0,285.0,663.8,47.0,144.3,827.0,463.2,,594.3416666666666,142.6088353768317
2026-01-05 09:00:00,9,0,313.0,740.8,57.0,167.1,663.8,362.8,,610.0916666666666,136.67518434043834
2026-01-05 10:00:00,10,0,310.0,745.8,63.0,139.1,740.8,398.6,,624.5583333333333,131.59682141221018
2026-01-05 11:00:00,11,0,293.0,599.2,48.0,113.2,745.8,367.4,,634.2166666666666,119.88789570357767
2026-01-05 12:00:00,12,0,372.0,822.2,58.0,149.8,599.2,416.4,,651.125,116.39768879372888
2026-01-05 13:00:00,13,0,372.0,930.0,69.0,161.8,822.2,348.7,,675.3458333333333,111.09035092590437
2026-01-05 14:00:00,14,0,422.0,995.2,81.0,162.3,930.0,455.7,,697.8249999999999,119.01395698203521
2026-01-05 15:00:00,15,0,479.0,1063.0,98.0,188.9,995.2,486.0,,721.8666666666667,131.94042023865768
2026-01-05 16:00:00,16,0,457.0,977.6,78.0,168.7,1063.0,579.1,,738.4708333333333,138.12262503696272
2026-01-05 17:00:00,17,0,516.0,1173.1,98.0,186.7,977.6,571.8,,763.525,159.46228189708688
2026-01-05 18:00:00,18,0,479.0,1125.9,91.0,186.1,1173.1,669.0,,782.5625,174.27258461961222
2026-01-05 19:00:00,19,0,545.0,1173.7,90.0,186.3,1125.9,711.3,,801.8291666666668,190.8257536150545
2026-01-05 20:00:00,20,0,628.0,1312.2,113.0,203.5,1173.7,625.9,,830.4249999999998,213.40253502833926
2026-01-05 21:00:00,21,0,601.0,1451.4,107.0,193.6,1312.2,774.1,,858.6458333333334,247.66371305561208
2026-01-05 22:00:00,22,0,548.0,1342.1,92.5,196.64999999999998,1451.4,766.8,,882.6166666666667,265.58058576679065
2026-01-05 23:00:00,23,0,472.0,1232.8,78.0,199.7,1342.1,562.1,,910.5625,265.67504311208535
2026-01-06 00:00:00,0,1,234.0,533.5,38.0,148.0,1232.8,741.4,,901.9000000000001,274.6676648004935
2026-01-06 01:00:00,1,1,181.0,417.9,32.0,120.3,533.5,659.0,,891.8541666666666,288.0222696389478
2026-01-06 02:00:00,2,1,194.0,484.8,32.0,144.1,417.9,658.6,,884.6124999999998,296.2104148016344
2026-01-06 03:00:00,3,1,239.0,478.65,31.0,129.45,484.8,667.2,,876.75625,304.60880732952745
2026-01-06 04:00:00,4,1,212.0,472.5,30.0,114.8,478.65,587.8,,871.9520833333332,310.22176972049255
2026-01-06 05:00:00,5,1,218.0,508.6,34.0,118.4,472.5,744.0,,862.1437499999998,318.06532597828664
2026-01-06 06:00:00,6,1,230.0,530.6,47.0,119.1,508.6,619.7,,858.4312500000001,321.5194354164975
2026-01-06 07:00:00,7,1,250.0,575.1,44.0,135.8,530.6,827.0,,847.9354166666667,326.6605712353707
2026-01-06 08:00:00,8,1,232.0,507.1,39.0,131.1,575.1,663.8,,841.40625,332.0230329597041
2026-01-06 09:00:00,9,1,221.0,535.8,35.0,126.1,507.1,740.8,,832.8645833333334,337.3184724311685
2026-01-06 10:00:00,10,1,194.0,422.2,36.0,119.5,535.8,745.8,,819.38125,347.2706151931522
2026-01-06 11:00:00,11,1,186.0,420.4,29.0,131.7,422.2,599.2,,811.93125,354.0512391720146
2026-01-06 12:00:00,12,1,229.0,497.2,47.0,121.5,420.4,822.2,,798.3895833333332,359.80983563760174
2026-01-06 13:00:00,13,1,248.0,603.8,46.0,135.7,497.2,930.0,,784.7979166666665,360.7818751108688
2026-01-06 14:00:00,14,1,270.0,629.9,48.0,139.6,603.8,995.2,,769.5770833333335,359.2217475439294
2026-01-06 15:00:00,15,1,263.0,570.0,54.0,125.5,629.9,1063.0,,749.0354166666667,355.79262599562463
2026-01-06 16:00:00,16,1,307.0,666.5,54.0,153.9,570.0,977.6,,736.0729166666666,352.7575053831836
2026-01-06 17:00:00,17,1,340.0,766.1,59.0,160.2,666.5,1173.1,,719.1145833333334,340.40114681995533
2026-01-06 18:00:00,18,1,377.0,901.1,64.0,166.5,766.1,1125.9,,709.7479166666667,331.7028743368036
2026-01-06 19:00:00,19,1,470.0,1198.9,69.0,161.8,901.1,1173.7,,710.7979166666668,333.2715365294321
2026-01-06 20:00:00,20,1,389.0,890.3,71.0,146.3,1198.9,1312.2,,693.21875,310.5204588976739
2026-01-06 21:00:00,21,1,417.0,1011.2,72.0,151.7,890.3,1451.4,,674.8770833333333,274.72731459899586
2026-01-06 22:00:00,22,1,351.0,884.7,69.0,132.8,1011.2,1342.1,,655.81875,240.11312497513842
2026-01-06 23:00:00,23,1,350.0,828.6,66.0,146.0,884.7,1232.8,,638.9770833333333,210.19533253989817
2026-01-07 00:00:00,0,2,254.0,582.3,41.0,106.8,828.6,533.5,,641.0104166666666,209.36502759076097
2026-01-07 01:00:00,1,2,219.0,485.9,38.0,105.5,582.3,417.9,,643.84375,206.6570101655007
2026-01-07 02:00:00,2,2,193.0,489.0,39.0,106.7,485.9,484.8,,644.01875,206.51820575209734
2026-01-07 03:00:00,3,2,225.0,520.6,43.0,129.1,489.0,478.65,,645.7666666666667,205.23123049627432
2026-01-07 04:00:00,4,2,214.0,485.2,43.0,116.1,520.6,472.5,,646.2958333333333,204.78093593158246
2026-01-07 05:00:00,5,2,182.0,409.8,31.0,125.5,485.2,508.6,,642.1791666666667,208.62632911326355
2026-01-07 06:00:00,6,2,205.0,430.6,36.0,111.8,409.8,530.6,,638.0125,211.92419750734186
2026-01-07 07:00:00,7,2,201.0,420.8,38.0,115.6,430.6,575.1,,631.5833333333334,216.2128755098371
2026-01-07 08:00:00,8,2,211.0,480.3,45.0,132.8,420.8,507.1,,630.4666666666667,216.9516870014014
2026-01-07 09:00:00,9,2,205.0,487.3,40.0,122.2,480.3,535.8,,628.4458333333333,218.09468422277584
2026-01-07 10:00:00,10,2,247.0,591.8,46.0,135.6,487.3,422.2,,635.5124999999999,213.82731413862808
2026-01-07 11:00:00,11,2,225.0,556.6,47.0,139.6,591.8,420.4,,641.1875,209.63629231206178
2026-01-07 12:00:00,12,2,209.0,475.6,32.0,132.8,556.6,497.2,,640.2875,210.32655833561472
2026-01-07 13:00:00,13,2,229.0,577.8,31.0,137.5,475.6,603.8,,639.2041666666668,210.58946147951536
2026-01-07 14:00:00,14,2,297.0,789.5,59.0,163.7,577.8,629.9,,645.8541666666666,212.7912959546474
2026-01-07 15:00:00,15,2,296.0,721.2,48.0,130.0,789.5,570.0,,652.1541666666667,212.68610260840737
2026-01-07 16:00:00,16,2,332.0,861.9,64.0,167.3,721.2,666.5,,660.2958333333333,216.95624980560132
2026-01-07 17:00:00,17,2,334.0,803.7,55.0,140.7,861.9,766.1,,661.8625000000001,217.8872520813587
2026-01-07 18:00:00,18,2,365.0,799.1,60.0,158.9,803.7,901.1,,657.6125000000001,213.97762035051682
2026-01-07 19:00:00,19,2,397.0,955.6,72.0,162.1,799.1,1198.9,,647.475,191.83616708014253
2026-01-07 20:00:00,20,2,411.0,935.3,94.0,138.7,955.6,890.3,,649.35,194.5139449566767
2026-01-07 21:00:00,21,2,365.0,909.4,67.0,164.5,935.3,1011.2,,645.1083333333333,187.25468570596826
2026-01-07 22:00:00,22,2,394.0,855.2,75.0,185.3,909.4,884.7,,643.8791666666667,185.7039930248208
2026-01-07 23:00:00,23,2,381.0,849.3,67.0,141.1,855.2,828.6,,644.7416666666667,186.64491494643696
2026-01-08 00:00:00,0,3,223.0,476.0,50.0,115.7,849.3,582.3,465.4,640.3125,189.431578361252
2026-01-08 01:00:00,1,3,206.0,473.0,42.0,115.0,476.0,485.9,494.3,639.775,189.90646954201802
2026-01-08 02:00:00,2,3,200.0,485.0,29.0,115.9,473.0,489.0,431.4,639.6083333333333,190.04625047298606
2026-01-08 03:00:00,3,3,196.0,444.3,36.0,114.4,485.0,520.6,500.2,636.4291666666667,192.74268379317925
2026-01-08 04:00:00,4,3,208.0,468.1,37.0,125.3,444.3,485.2,583.3,635.7166666666666,193.35665776344413
2026-01-08 05:00:00,5,3,203.0,465.6,32.0,123.5,468.1,409.8,498.9,638.0416666666666,190.84115160239398
2026-01-08 06:00:00,6,3,216.0,519.5,34.0,118.1,465.6,430.6,555.2,641.7458333333333,187.4727481161789
2026-01-08 07:00:00,7,3,206.0,449.0,37.0,138.3,519.5,420.8,441.7,642.9208333333333,186.11117289818094
2026-01-08 08:00:00,8,3,237.0,546.4,57.0,132.2,449.0,480.3,433.7,645.675,184.07798028576727
2026-01-08 09:00:00,9,3,228.0,560.2,28.0,132.1,546.4,487.3,460.0,648.7125,181.9400362577699
2026-01-08 10:00:00,10,3,214.0,519.8,41.0,125.1,560.2,591.8,522.7,645.7125,183.5061266895715
2026-01-08 11:00:00,11,3,218.0,500.8,41.0,125.4,519.8,556.6,513.8,643.3875,185.03141052382202
2026-01-08 12:00:00,12,3,227.0,563.9,34.0,115.5,500.8,475.6,484.7,647.0666666666667,182.40936681390468
2026-01-08 13:00:00,13,3,232.0,436.6,38.0,126.9,563.9,577.8,503.3,641.1833333333333,186.96089957799964
2026-01-08 14:00:00,14,3,269.0,621.7,51.0,145.2,436.6,789.5,515.1,634.1916666666667,184.29174157973858
2026-01-08 15:00:00,15,3,288.0,667.8,48.0,147.1,621.7,721.2,633.7,631.9666666666667,183.51632001036126
2026-01-08 16:00:00,16,3,273.0,659.5,53.0,140.4,667.8,861.9,705.2,623.5333333333334,177.02632490718813
2026-01-08 17:00:00,17,3,370.0,941.2,78.0,162.3,659.5,803.7,664.6,629.2624999999999,185.149255449431
2026-01-08 18:00:00,18,3,381.0,956.5,60.0,164.8,941.2,799.1,826.7,635.8208333333333,194.00280136741884
2026-01-08 19:00:00,19,3,427.0,816.8,91.0,176.8,956.5,955.6,890.3,630.0375,185.95757069242023
2026-01-08 20:00:00,20,3,409.0,919.0,74.0,168.0,816.8,935.3,847.2,629.3583333333333,184.82048615196763
2026-01-08 21:00:00,21,3,455.0,893.4,85.0,177.5,919.0,909.4,1100.7,628.6916666666667,183.79242525117985
2026-01-08 22:00:00,22,3,361.0,885.2,61.0,176.6,893.4,855.2,681.8,629.9416666666666,185.49406158704474
2026-01-08 23:00:00,23,3,374.0,877.0,71.0,157.9,885.2,849.3,721.8,631.0958333333333,186.99835497804023
2026-01-09 00:00:00,0,4,216.0,534.4,41.0,129.2,877.0,476.0,470.2,633.5291666666667,185.26433636755488
2026-01-09 01:00:00,1,4,196.0,479.1,34.0,137.4,534.4,473.0,449.4,633.7833333333333,185.03857568829804
2026-01-09 02:00:00,2,4,212.0,468.9,35.0,111.8,479.1,485.0,410.4,633.1125000000001,185.62966243595696
2026-01-09 03:00:00,3,4,217.0,492.0,37.0,127.8,468.9,444.3,496.9,635.1,183.76619360764875
2026-01-09 04:00:00,4,4,223.0,504.7,40.0,127.4,492.0,468.1,401.8,636.625,182.4673484787619
2026-01-09 05:00:00,5,4,239.0,504.1,49.0,109.6,504.7,465.6,415.5,638.2291666666666,181.0622316249716
2026-01-09 06:00:00,6,4,215.0,451.5,28.0,130.7,504.1,519.5,429.2,635.3958333333334,183.5163456270836
2026-01-09 07:00:00,7,4,191.0,417.8,36.0,109.4,451.5,449.0,518.5,634.0958333333333,184.99867327178112
2026-01-09 08:00:00,8,4,221.0,469.35,41.5,116.5,417.8,546.4,562.7,630.8854166666666,187.24164547402168
2026-01-09 09:00:00,9,4,230.0,520.9,47.0,123.6,469.35,560.2,406.8,629.2479166666667,188.05676610555682
2026-01-09 10:00:00,10,4,209.0,504.6,35.0,116.7,520.9,519.8,493.6,628.6145833333334,188.46653692088066
2026-01-09 11:00:00,11,4,185.0,411.0,32.0,114.8,504.6,500.8,490.9,624.8729166666666,191.97318142588503
2026-01-09 12:00:00,12,4,227.0,539.7,37.0,129.7,411.0,563.9,614.4,623.8645833333334,192.37050781780485
2026-01-09 13:00:00,13,4,238.0,569.0,40.0,132.9,539.7,436.6,582.5,629.38125,188.6288250901534
2026-01-09 14:00:00,14,4,255.0,671.8,44.0,133.6,569.0,621.7,516.2,631.46875,188.8172499330583
2026-01-09 15:00:00,15,4,274.0,598.6,48.0,128.7,671.8,667.8,620.5,628.5854166666667,188.76668453708558
2026-01-09 16:00:00,16,4,375.0,794.2,68.0,165.1,598.6,659.5,705.7,634.1979166666666,191.70542193641583
2026-01-09 17:00:00,17,4,395.0,929.7,59.0,174.9,794.2,941.2,874.8,633.71875,190.91746157214786
2026-01-09 18:00:00,18,4,403.0,965.4,75.0,161.6,929.7,956.5,713.9,634.0895833333334,191.57917989537495
2026-01-09 19:00:00,19,4,378.0,834.3,73.0,171.0,965.4,816.8,788.8,634.81875,192.33663243550566
2026-01-09 20:00:00,20,4,389.0,1072.2,61.0,157.5,834.3,919.0,836.3,641.2020833333332,204.34552924289372
2026-01-09 21:00:00,21,4,387.0,831.5,69.0,167.1,1072.2,893.4,862.4,638.6229166666667,201.39330435481125
2026-01-09 22:00:00,22,4,392.0,900.9,80.0,175.6,831.5,885.2,880.2,639.2770833333333,202.25272502015906
2026-01-09 23:00:00,23,4,357.0,913.7,49.0,151.5,900.9,877.0,796.4,640.80625,204.25702282243068
2026-01-10 00:00:00,0,5,136.0,319.8,27.0,114.0,913.7,534.4,287.5,631.8645833333334,213.60113808480418
2026-01-10 01:00:00,1,5,137.0,343.5,25.0,107.1,319.8,479.1,424.0,626.2145833333334,219.52876778858794
2026-01-10 02:00:00,2,5,148.0,356.3,28.0,111.4,343.5,468.9,326.2,621.5229166666667,224.1907146097058
2026-01-10 03:00:00,3,5,174.0,406.4,32.0,121.1,356.3,492.0,365.5,617.95625,227.00415017873567
2026-01-10 04:00:00,4,5,172.0,404.1,30.0,124.0,406.4,504.7,327.1,613.7645833333333,230.09413691638804
2026-01-10 05:00:00,5,5,147.0,354.3,24.0,114.7,404.1,504.1,315.8,607.5229166666667,235.17400772303674
2026-01-10 06:00:00,6,5,148.0,347.1,26.0,122.9,354.3,451.5,399.1,603.1729166666667,239.11790114427941
2026-01-10 07:00:00,7,5,157.0,384.1,31.0,111.3,347.1,417.8,325.7,601.76875,240.34956689593946
2026-01-10 08:00:00,8,5,188.0,389.7,30.0,140.2,384.1,469.35,405.9,598.45,242.79496807335113
2026-01-10 09:00:00,9,5,153.0,367.4,28.0,115.9,389.7,520.9,408.7,592.0541666666667,246.91350884763222
2026-01-10 10:00:00,10,5,167.0,349.0,35.0,120.2,367.4,504.6,386.3,585.5708333333333,251.31331126040095
2026-01-10 11:00:00,11,5,152.0,341.7,28.0,114.2,349.0,411.0,286.2,582.6833333333334,253.79216534086768
2026-01-10 12:00:00,12,5,176.0,391.9,31.0,100.6,341.7,539.7,323.0,576.525,256.65754251616164
2026-01-10 13:00:00,13,5,181.0,380.3,31.0,117.7,391.9,569.0,412.8,568.6625,259.76955809951625
2026-01-10 14:00:00,14,5,190.0,424.9,34.0,116.5,380.3,671.8,398.9,558.375,260.3956408671414
2026-01-10 15:00:00,15,5,190.0,402.6,39.0,117.0,424.9,598.6,505.3,550.2083333333334,262.14687207028146
2026-01-10 16:00:00,16,5,205.0,461.6,42.0,133.4,402.6,794.2,548.9,536.35,257.436595824226
2026-01-10 17:00:00,17,5,254.0,578.3,44.0,94.7,461.6,929.7,611.3,521.7083333333334,243.71966418437734
2026-01-10 18:00:00,18,5,316.0,688.7,52.0,152.5,578.3,965.4,651.9,510.1791666666666,227.84597386825115
2026-01-10 19:00:00,19,5,330.0,797.3,67.0,141.5,688.7,834.3,687.1,508.6375,225.6723419560178
2026-01-10 20:00:00,20,5,334.0,698.5,68.0,134.4,797.3,1072.2,651.0,493.0666666666666,196.0446259460322
2026-01-10 21:00:00,21,5,309.0,735.1,55.0,150.4,698.5,831.5,615.2,489.04999999999995,189.69382653657394
2026-01-10 22:00:00,22,5,276.0,590.7,46.0,144.0,735.1,900.9,709.7,476.125,169.95257202858488
2026-01-10 23:00:00,23,5,291.0,726.8,53.0,138.7,590.7,913.7,501.4,468.33750000000003,152.4067435815468
2026-01-11 00:00:00,0,6,169.0,384.2,31.0,122.4,726.8,319.8,423.7,471.0208333333333,150.2291987457765
2026-01-11 01:00:00,1,6,151.0,295.2,27.0,110.2,384.2,343.5,369.8,469.00833333333327,152.32072546373334
2026-01-11 02:00:00,2,6,177.0,413.5,39.0,133.4,295.2,356.3,342.5,471.39166666666665,150.92159760348855
2026-01-11 03:00:00,3,6,147.0,342.9,21.0,116.7,413.5,406.4,378.5,468.7458333333334,152.65715203959985
2026-01-11 04:00:00,4,6,152.0,315.3,28.0,122.3,342.9,404.1,366.0,465.04583333333335,155.34459864994048
2026-01-11 05:00:00,5,6,168.0,360.3,37.0,105.1,315.3,354.3,321.5,465.2958333333333,155.16334584858782
2026-01-11 06:00:00,6,6,161.0,362.9,30.0,112.5,360.3,347.1,336.7,465.9541666666667,154.67279904525452
2026-01-11 07:00:00,7,6,171.0,412.0,30.0,130.4,362.9,384.1,310.1,467.1166666666666,154.13475658788556
2026-01-11 08:00:00,8,6,156.0,322.9,26.0,113.6,412.0,389.7,463.2,464.3333333333333,156.18303272169445
2026-01-11 09:00:00,9,6,154.0,380.4,31.0,102.9,322.9,367.4,362.8,464.875,155.85443389656368
2026-01-11 10:00:00,10,6,172.0,418.5,35.0,109.7,380.4,349.0,398.6,467.7708333333333,154.2451844901705
2026-01-11 11:00:00,11,6,167.0,404.2,34.0,112.2,418.5,341.7,367.4,470.37499999999994,152.54235406145278
2026-01-11 12:00:00,12,6,151.0,294.1,25.0,107.5,404.2,391.9,416.4,466.29999999999995,155.99706240266772
2026-01-11 13:00:00,13,6,168.0,395.9,28.0,112.8,294.1,380.3,348.7,466.95,155.65526849000835
2026-01-11 14:00:00,14,6,201.0,387.1,41.0,124.9,395.9,424.9,455.7,465.375,156.28920030007103
2026-01-11 15:00:00,15,6,209.0,509.3,38.0,131.3,387.1,402.6,486.0,469.8208333333334,155.9430720520005
2026-01-11 16:00:00,16,6,241.0,533.3,44.0,132.8,509.3,461.6,579.1,472.80833333333334,156.46466170455156
2026-01-11 17:00:00,17,6,279.0,679.2,44.0,166.6,533.3,578.3,571.8,477.01250000000005,160.72014649424426
2026-01-11 18:00:00,18,6,256.0,595.0,52.0,128.2,679.2,688.7,669.0,473.10833333333335,156.43526767009865
2026-01-11 19:00:00,19,6,314.0,726.7,63.0,147.7,595.0,797.3,711.3,470.1666666666667,150.63007571579408
2026-01-11 20:00:00,20,6,297.0,724.2,51.0,144.0,726.7,698.5,625.9,471.2375,152.40477515199896
2026-01-11 21:00:00,21,6,303.0,633.9,52.0,148.6,724.2,735.1,774.1,467.0208333333333,146.05462045343873
2026-01-11 22:00:00,22,6,264.0,596.3,53.0,140.6,633.9,590.7,766.8,467.2541666666666,146.26511955786418
2026-01-11 23:00:00,23,6,266.0,645.9,47.0,135.9,596.3,726.8,562.1,463.8833333333334,140.8557315179266
2026-01-12 00:00:00,0,0,238.0,622.3,43.0,146.8,645.9,384.2,741.4,473.8041666666666,143.36211517985322
2026-01-12 01:00:00,1,0,226.0,545.7,33.0,128.5,622.3,295.2,659.0,484.24166666666673,138.84100671245662
2026-01-12 02:00:00,2,0,208.0,456.1,36.0,132.3,545.7,413.5,658.6,486.0166666666667,138.1679717076211
2026-01-12 03:00:00,3,0,205.0,498.6,40.5,128.95,456.1,342.9,667.2,492.5041666666666,134.76949557821553
2026-01-12 04:00:00,4,0,222.0,541.1,45.0,125.6,498.6,315.3,587.8,501.91249999999997,129.64510524974793
2026-01-12 05:00:00,5,0,205.0,494.3,33.0,136.9,541.1,360.3,744.0,507.4958333333334,126.1187000552416
2026-01-12 06:00:00,6,0,217.0,471.4,34.0,107.0,494.3,362.9,619.7,512.0166666666667,122.60589980366959
2026-01-12 07:00:00,7,0,195.0,407.6,38.0,125.7,471.4,412.0,827.0,511.8333333333334,122.76514399336217
2026-01-12 08:00:00,8,0,206.0,455.3,39.0,118.2,407.6,322.9,663.8,517.35,116.73255572126472
2026-01-12 09:00:00,9,0,214.0,507.2,30.0,108.8,455.3,380.4,740.8,522.6333333333333,113.07693674303869
2026-01-12 10:00:00,10,0,246.0,605.9,49.0,126.8,507.2,418.5,745.8,530.4416666666667,112.03907671051948
2026-01-12 11:00:00,11,0,227.0,467.5,43.0,112.3,605.9,404.2,599.2,533.0791666666668,109.65778776114078
2026-01-12 12:00:00,12,0,237.0,559.4,38.0,128.7,467.5,294.1,822.2,544.1333333333333,97.18207325592273
2026-01-12 13:00:00,13,0,232.0,574.4,46.0,129.8,559.4,395.9,930.0,551.5708333333333,92.03863309439532
2026-01-12 14:00:00,14,0,296.0,617.5,56.0,154.1,574.4,387.1,995.2,561.1708333333333,85.95238560144995
2026-01-12 15:00:00,15,0,294.0,674.6,60.0,142.5,617.5,509.3,1063.0,568.0583333333333,88.20844343232814
2026-01-12 16:00:00,16,0,350.0,774.9,75.0,149.4,674.6,533.3,977.6,578.125,97.37868818711851
2026-01-12 17:00:00,17,0,346.0,831.6,60.0,153.9,774.9,679.2,1173.1,584.475,108.58090251653329
2026-01-12 18:00:00,18,0,414.0,993.1,66.0,174.1,831.6,595.0,1125.9,601.0625,136.95854914821166
2026-01-12 19:00:00,19,0,407.0,967.1,77.0,147.4,993.1,726.7,1173.7,611.0791666666668,154.2466234685536
2026-01-12 20:00:00,20,0,429.0,954.4,72.0,151.3,967.1,724.2,1312.2,620.6708333333333,168.1202144408091
2026-01-12 21:00:00,21,0,432.0,1001.7,84.0,175.1,954.4,633.9,1451.4,635.9958333333333,185.26749516440586
2026-01-12 22:00:00,22,0,417.0,905.4,68.0,169.2,1001.7,596.3,1342.1,648.875,192.9716046919641
2026-01-12 23:00:00,23,0,332.0,842.6,70.0,156.0,905.4,645.9,1232.8,657.0708333333333,196.97531621824015
2026-01-13 00:00:00,0,1,232.0,493.0,40.0,127.8,842.6,622.3,533.5,651.6833333333333,199.71685972388852
2026-01-13 01:00:00,1,1,205.0,466.7,40.0,114.2,493.0,545.7,417.9,648.3916666666667,202.1754810676307
2026-01-13 02:00:00,2,1,192.0,435.2,35.0,135.0,466.7,456.1,484.8,647.5208333333334,203.08272886804806
2026-01-13 03:00:00,3,1,236.0,500.1,51.0,123.8,435.2,498.6,478.65,647.5833333333334,203.03513010799728
2026-01-13 04:00:00,4,1,257.0,585.2,47.0,128.8,500.1,541.1,472.5,649.4208333333333,202.22748916304323
2026-01-13 05:00:00,5,1,215.0,496.0,40.0,118.8,585.2,494.3,508.6,649.4916666666667,202.1710832044443
2026-01-13 06:00:00,6,1,205.0,504.0,37.0,147.5,496.0,471.4,530.6,650.85,201.02879741794388
2026-01-13 07:00:00,7,1,243.0,565.4,39.0,138.2,504.0,407.6,575.1,657.425,195.22371615105178
2026-01-13 08:00:00,8,1,227.0,528.0,41.0,138.9,565.4,455.3,507.1,660.4541666666667,192.49607331775357
2026-01-13 09:00:00,9,1,219.0,522.8,41.0,116.8,528.0,507.2,535.8,661.1041666666666,191.98173255301742
2026-01-13 10:00:00,10,1,215.0,479.0,41.0,122.0,522.8,605.9,422.2,655.8166666666667,195.2873149037571
2026-01-13 11:00:00,11,1,207.0,513.6,35.0,111.1,479.0,467.5,420.4,657.7375,193.5737109632589
2026-01-13 12:00:00,12,1,239.0,547.3,37.0,130.3,513.6,559.4,497.2,657.2333333333333,193.85651948007288
2026-01-13 13:00:00,13,1,214.0,456.0,39.0,107.7,547.3,574.4,603.8,652.3000000000001,197.52792207685565
2026-01-13 14:00:00,14,1,256.0,520.5,45.0,151.1,456.0,617.5,629.9,648.2583333333333,199.2557454665979
2026-01-13 15:00:00,15,1,265.0,558.2,47.0,132.3,520.5,674.6,570.0,643.4083333333333,200.00192154874108
2026-01-13 16:00:00,16,1,326.0,686.7,65.0,152.4,558.2,774.9,666.5,639.7333333333333,198.28368493183024
2026-01-13 17:00:00,17,1,369.0,833.4,75.0,170.1,686.7,831.6,766.1,639.8083333333333,198.35973889500144
2026-01-13 18:00:00,18,1,366.0,775.5,60.0,156.6,833.4,993.1,901.1,630.7416666666667,186.1037343191604
2026-01-13 19:00:00,19,1,435.0,1186.5,80.0,177.4,775.5,967.1,1198.9,639.8833333333333,207.50280389235417
2026-01-13 20:00:00,20,1,426.0,1014.9,78.0,159.3,1186.5,954.4,890.3,642.4041666666666,211.8125473131272
2026-01-13 21:00:00,21,1,424.0,1017.8,74.0,175.0,1014.9,1001.7,1011.2,643.075,213.02199365936156
2026-01-13 22:00:00,22,1,354.0,746.7,66.0,144.9,1017.8,905.4,884.7,636.4625,206.90018978388852
2026-01-13 23:00:00,23,1,363.0,858.9,62.0,169.3,746.7,842.6,828.6,637.1416666666668,207.63173276085655
2026-01-14 00:00:00,0,2,188.0,431.1,35.0,128.7,858.9,493.0,582.3,634.5625,209.87244948860777
2026-01-14 01:00:00,1,2,209.0,549.4,41.0,130.9,431.1,466.7,485.9,638.0083333333333,207.6638272423195
2026-01-14 02:00:00,2,2,213.0,474.3,51.0,119.2,549.4,435.2,489.0,639.6374999999999,206.15144245981216
2026-01-14 03:00:00,3,2,219.0,565.7,40.0,106.8,474.3,500.1,520.6,642.3708333333334,204.65031996101374
2026-01-14 04:00:00,4,2,219.0,498.1,32.0,111.6,565.7,585.2,485.2,638.7416666666667,206.47242139593808
2026-01-14 05:00:00,5,2,224.0,548.4,46.0,121.5,498.1,496.0,409.8,640.9250000000001,205.1703242589486
2026-01-14 06:00:00,6,2,238.0,596.7,44.0,120.6,548.4,504.0,430.6,644.7875,203.34498061497538
2026-01-14 07:00:00,7,2,227.0,508.4,33.0,129.9,596.7,565.4,420.8,642.4125,204.641251977381
2026-01-14 08:00:00,8,2,222.0,455.3,41.0,132.2,508.4,528.0,480.3,639.3833333333333,206.93368117780506
2026-01-14 09:00:00,9,2,214.0,490.7,44.0,138.5,455.3,522.8,487.3,638.0458333333332,207.82180280474634
2026-01-14 10:00:00,10,2,252.0,610.1,52.0,123.3,490.7,479.0,591.8,643.5083333333333,205.16557452705086
2026-01-14 11:00:00,11,2,199.0,487.8,40.0,99.2,610.1,513.6,556.6,642.4333333333334,205.94196875031082
2026-01-14 12:00:00,12,2,226.0,519.2,41.0,108.6,487.8,547.3,475.6,641.2624999999999,206.58521520502072
2026-01-14 13:00:00,13,2,236.0,559.3,43.0,156.5,519.2,456.0,577.8,645.5666666666667,203.61220742994053
2026-01-14 14:00:00,14,2,305.0,679.2,58.0,138.9,559.3,520.5,789.5,652.1791666666667,201.94408821377542
2026-01-14 15:00:00,15,2,306.0,652.4,62.0,150.1,679.2,558.2,721.2,656.1041666666666,200.95108312216522
2026-01-14 16:00:00,16,2,346.0,730.7,60.5,163.95,652.4,686.7,861.9,657.9375,201.44246521892697
2026-01-14 17:00:00,17,2,349.0,809.0,59.0,177.8,730.7,833.4,803.7,656.9208333333333,200.57813392284652
2026-01-14 18:00:00,18,2,398.0,941.6,73.0,151.5,809.0,775.5,799.1,663.8416666666667,207.59054371666363
2026-01-14 19:00:00,19,2,416.0,969.0,78.0,157.7,941.6,1186.5,955.6,654.7791666666667,187.5629702472515
2026-01-14 20:00:00,20,2,448.0,1127.3,89.0,176.4,969.0,1014.9,935.3,659.4625,198.05570980101265
2026-01-14 21:00:00,21,2,425.0,971.4,73.0,182.0,1127.3,1017.8,909.4,657.5291666666666,194.6020476213088
2026-01-14 22:00:00,22,2,482.0,990.5,95.0,197.3,971.4,746.7,855.2,667.6875,205.51637470464354
2026-01-14 23:00:00,23,2,360.0,849.1,73.0,161.6,990.5,858.9,849.3,667.2791666666666,205.12931441912022
2026-01-15 00:00:00,0,3,227.0,566.8,39.0,138.8,849.1,431.1,476.0,672.9333333333334,200.14592647380627
2026-01-15 01:00:00,1,3,238.0,559.8,39.0,144.3,566.8,549.4,473.0,673.3666666666667,199.8779163621526
2026-01-15 02:00:00,2,3,207.0,468.9,33.0,120.1,559.8,474.3,485.0,673.1416666666667,200.1146452208942
2026-01-15 03:00:00,3,3,228.0,579.5,39.0,128.2,468.9,565.7,444.3,673.7166666666666,199.81210231586164
2026-01-15 04:00:00,4,3,185.0,419.2,32.0,105.9,579.5,498.1,468.1,670.4291666666667,203.4432181847373
2026-01-15 05:00:00,5,3,197.0,490.6,37.0,144.8,419.2,548.4,465.6,668.0208333333334,205.2843732360743
2026-01-15 06:00:00,6,3,236.0,539.0,47.0,113.1,490.6,596.7,519.5,665.6166666666667,206.49028752118107
2026-01-15 07:00:00,7,3,196.0,498.1,29.0,120.8,539.0,508.4,449.0,665.1875,206.84165612013953
2026-01-15 08:00:00,8,3,217.0,428.5,38.0,133.3,498.1,455.3,546.4,664.0708333333333,208.09259117907948
2026-01-15 09:00:00,9,3,235.0,609.0,43.0,124.0,428.5,490.7,560.2,669.0,205.18817874247162
2026-01-15 10:00:00,10,3,222.0,506.3,36.0,139.0,609.0,610.1,519.8,664.6750000000001,207.5638702120184
2026-01-15 11:00:00,11,3,202.0,429.6,34.0,150.3,506.3,487.8,500.8,662.25,210.04532016148192
2026-01-15 12:00:00,12,3,215.0,470.7,41.0,113.2,429.6,519.2,563.9,660.2291666666666,211.70815941879303
2026-01-15 13:00:00,13,3,234.0,560.8,44.0,121.8,470.7,559.3,436.6,660.2916666666666,211.67728702102178
2026-01-15 14:00:00,14,3,237.0,515.6,47.0,123.1,560.8,679.2,621.7,653.475,213.66677072732628
2026-01-15 15:00:00,15,3,264.0,632.0,48.0,129.2,515.6,652.4,667.8,652.625,213.71180563919617
2026-01-15 16:00:00,16,3,294.0,751.0,56.0,136.8,632.0,730.7,659.5,653.4708333333333,214.07411247990336
2026-01-15 17:00:00,17,3,350.0,815.0,55.0,150.2,751.0,809.0,941.2,653.7208333333333,214.26705599842506
2026-01-15 18:00:00,18,3,418.0,904.2,70.0,174.6,815.0,941.6,956.5,652.1625,212.20843488645042
2026-01-15 19:00:00,19,3,382.0,892.4,75.0,153.1,904.2,969.0,816.8,648.9708333333333,207.765464509273
2026-01-15 20:00:00,20,3,394.0,1007.2,64.0,150.8,892.4,1127.3,919.0,643.9666666666667,196.90624267858414
2026-01-15 21:00:00,21,3,394.0,834.2,77.0,163.1,1007.2,971.4,893.4,638.25,188.81200450045185
2026-01-15 22:00:00,22,3,398.0,793.1,69.5,161.45,834.2,990.5,885.2,630.025,176.71202623871332
2026-01-15 23:00:00,23,3,340.0,752.0,62.0,159.8,793.1,849.1,877.0,625.9791666666666,172.54053330756335
2026-01-16 00:00:00,0,4,223.0,508.6,41.0,135.9,752.0,566.8,534.4,623.5541666666667,173.81274026243486
2026-01-16 01:00:00,1,4,213.0,478.6,43.0,140.4,508.6,559.8,479.1,620.1708333333333,175.88563101992096
2026-01-16 02:00:00,2,4,232.0,560.2,48.0,110.5,478.6,468.9,468.9,623.975,173.44196937053857
2026-01-16 03:00:00,3,4,210.0,482.9,42.0,126.1,560.2,579.5,492.0,619.95,175.62608501908494
2026-01-16 04:00:00,4,4,245.0,548.5,45.0,134.6,482.9,419.2,504.7,625.3375,171.12567670651086
2026-01-16 05:00:00,5,4,219.0,563.7,42.0,121.2,548.5,490.6,504.1,628.3833333333333,169.26365763831834
2026-01-16 06:00:00,6,4,225.0,572.1,41.0,118.8,563.7,539.0,451.5,629.7624999999999,168.6373851286952
2026-01-16 07:00:00,7,4,246.0,602.7,36.0,115.7,572.1,498.1,417.8,634.1208333333334,166.4238355085073
2026-01-16 08:00:00,8,4,220.0,508.2,39.0,115.1,602.7,428.5,469.35,637.4416666666667,162.90034274570155
2026-01-16 09:00:00,9,4,253.0,504.4,45.0,135.9,508.2,609.0,520.9,633.0833333333334,165.07906845078844
2026-01-16 10:00:00,10,4,190.0,402.9,35.0,114.4,504.4,506.3,504.6,628.775,169.81321516147867
2026-01-16 11:00:00,11,4,238.0,549.6,40.0,136.3,402.9,429.6,411.0,633.775,165.40308406251586
2026-01-16 12:00:00,12,4,237.0,613.9,43.0,116.4,549.6,470.7,539.7,639.7416666666667,161.80843186678737
2026-01-16 13:00:00,13,4,223.0,471.7,45.0,116.1,613.9,560.8,569.0,636.0291666666666,164.69480464646298
2026-01-16 14:00:00,14,4,227.0,521.0,43.0,109.5,471.7,515.6,671.8,636.2541666666667,164.5267283140053
2026-01-16 15:00:00,15,4,300.0,716.6,59.0,144.3,521.0,632.0,598.6,639.7791666666667,165.33591098168992
2026-01-16 16:00:00,16,4,330.0,748.3,62.0,121.9,716.6,751.0,794.2,639.6666666666667,165.2578424546139
2026-01-16 17:00:00,17,4,371.0,866.0,58.0,153.3,748.3,815.0,929.7,641.7916666666667,167.91692800353778
2026-01-16 18:00:00,18,4,393.0,789.4,77.0,163.4,866.0,904.2,965.4,637.0083333333333,161.6344693023955
2026-01-16 19:00:00,19,4,407.0,918.1,82.0,162.5,789.4,892.4,834.3,638.0791666666668,163.47466757392766
2026-01-16 20:00:00,20,4,405.0,944.5,76.0,142.2,918.1,1007.2,1072.2,635.4666666666667,157.71892629023728
2026-01-16 21:00:00,21,4,409.0,1004.4,83.0,157.1,944.5,834.2,831.5,642.5583333333333,170.3628912355777
2026-01-16 22:00:00,22,4,402.0,861.7,76.0,169.4,1004.4,793.1,900.9,645.4166666666666,173.5442599019855
2026-01-16 23:00:00,23,4,396.0,919.0,80.0,148.3,861.7,752.0,913.7,652.375,181.1834075568549
2026-01-17 00:00:00,0,5,187.0,390.5,32.0,112.6,919.0,508.6,319.8,647.4541666666667,186.77549178013288
2026-01-17 01:00:00,1,5,166.0,405.8,23.0,92.9,390.5,478.6,343.5,644.4208333333333,190.19682249247023
2026-01-17 02:00:00,2,5,164.0,399.1,31.0,113.5,405.8,560.2,356.3,637.7083333333334,196.05111338110626
2026-01-17 03:00:00,3,5,174.0,409.1,36.0,105.3,399.1,482.9,406.4,634.6333333333333,199.1392470362015
2026-01-17 04:00:00,4,5,156.0,356.6,24.0,97.2,409.1,548.5,404.1,626.6374999999999,206.46584055290543
2026-01-17 05:00:00,5,5,166.0,351.5,29.0,108.0,356.6,563.7,354.3,617.7958333333333,213.6952939995091
2026-01-17 06:00:00,6,5,173.0,447.3,30.0,95.4,351.5,572.1,347.1,612.5958333333334,216.3574306742697
2026-01-17 07:00:00,7,5,194.0,423.2,35.0,136.4,447.3,602.7,384.1,605.1166666666667,219.78969328738492
2026-01-17 08:00:00,8,5,175.0,393.9,34.0,132.9,423.2,508.2,389.7,600.3541666666666,223.1930339788119
2026-01-17 09:00:00,9,5,172.0,416.4,35.0,101.6,393.9,504.4,367.4,596.6875,225.5483430538745
2026-01-17 10:00:00,10,5,189.0,441.7,40.0,119.8,416.4,402.9,349.0,598.3041666666667,224.23416231052278
2026-01-17 11:00:00,11,5,166.0,410.4,28.0,90.4,441.7,549.6,341.7,592.5041666666666,227.3276307909246
2026-01-17 12:00:00,12,5,163.0,335.9,27.0,108.9,410.4,613.9,391.9,580.9208333333333,233.19690686882808
2026-01-17 13:00:00,13,5,163.0,396.8,31.0,96.6,335.9,471.7,380.3,577.8000000000001,235.21459951730768
2026-01-17 14:00:00,14,5,198.0,493.0,39.0,105.9,396.8,521.0,424.9,576.6333333333333,235.57773694669876
2026-01-17 15:00:00,15,5,216.0,516.0,38.0,129.6,493.0,716.6,402.6,568.275,233.9488112907358
2026-01-17 16:00:00,16,5,250.0,537.3,45.0,134.0,516.0,748.3,461.6,559.4833333333332,230.83331774185166
2026-01-17 17:00:00,17,5,297.0,689.1,50.0,159.6,537.3,866.0,578.3,552.1125,223.32240159542513
2026-01-17 18:00:00,18,5,319.0,765.8,59.0,155.5,689.1,789.4,688.7,551.1291666666667,222.28168278925662
2026-01-17 19:00:00,19,5,307.0,700.0,56.0,159.7,765.8,918.1,797.3,542.0416666666666,210.78768612798268
2026-01-17 20:00:00,20,5,338.0,745.1,58.0,153.3,700.0,944.5,698.5,533.7333333333332,197.76211152195899
2026-01-17 21:00:00,21,5,367.0,837.0,58.0,165.2,745.1,1004.4,735.1,526.7583333333333,182.82832982994285
2026-01-17 22:00:00,22,5,304.0,734.2,49.0,160.2,837.0,861.7,590.7,521.4458333333333,174.32744546615203
2026-01-17 23:00:00,23,5,278.0,542.05,40.5,133.55,734.2,919.0,726.8,505.7395833333333,152.57586635989202
2026-01-18 00:00:00,0,6,163.0,349.9,32.0,106.9,542.05,390.5,384.2,504.0479166666667,154.12631993099566
2026-01-18 01:00:00,1,6,168.0,401.3,28.0,109.7,349.9,405.8,295.2,503.86041666666665,154.25372307477107
2026-01-18 02:00:00,2,6,166.0,357.6,31.0,118.0,401.3,399.1,413.5,502.13124999999997,155.70491308638836
2026-01-18 03:00:00,3,6,140.0,310.1,24.0,119.4,357.6,409.1,342.9,498.0062500000001,159.5408182147474
2026-01-18 04:00:00,4,6,145.0,357.8,27.0,111.2,310.1,356.6,315.3,498.05625000000003,159.4947561578388
2026-01-18 05:00:00,5,6,169.0,396.0,27.0,99.4,357.8,351.5,360.3,499.91041666666666,157.96828381394735
2026-01-18 06:00:00,6,6,192.0,413.5,35.0,138.7,396.0,447.3,362.9,498.5020833333333,158.6070907450297
2026-01-18 07:00:00,7,6,149.0,345.1,26.0,117.7,413.5,423.2,412.0,495.2479166666667,161.00235717905122
2026-01-18 08:00:00,8,6,172.0,405.3,30.0,138.9,345.1,393.9,322.9,495.72291666666666,160.70689900180392
2026-01-18 09:00:00,9,6,149.0,327.3,27.0,122.3,405.3,416.4,380.4,492.0104166666667,163.62173235795873
2026-01-18 10:00:00,10,6,180.0,414.9,36.0,126.7,327.3,441.7,418.5,490.89375,164.07084784145442
2026-01-18 11:00:00,11,6,162.0,373.5,21.0,94.6,414.9,410.4,404.2,489.35625000000005,165.02804854649972
2026-01-18 12:00:00,12,6,164.0,373.3,28.0,102.2,373.5,335.9,294.1,490.91458333333327,163.68711635522524
2026-01-18 13:00:00,13,6,183.0,398.0,34.0,107.9,373.3,396.8,395.9,490.96458333333334,163.65729867169117
2026-01-18 14:00:00,14,6,222.0,520.9,43.0,110.1,398.0,493.0,387.1,492.1270833333333,163.77143602088006
2026-01-18 15:00:00,15,6,247.0,542.8,49.0,114.1,520.9,516.0,509.3,493.24375000000003,164.0324486142001
2026-01-18 16:00:00,16,6,250.0,545.3,53.0,133.6,542.8,537.3,533.3,493.57708333333335,164.1339656839005
2026-01-18 17:00:00,17,6,267.0,556.6,52.0,118.7,545.3,689.1,679.2,488.05625000000003,159.4324467225396
2026-01-18 18:00:00,18,6,319.0,712.2,66.0,145.9,556.6,765.8,595.0,485.8229166666667,155.70447759553272
2026-01-18 19:00:00,19,6,316.0,732.5,57.0,138.5,712.2,700.0,726.7,487.1770833333333,157.77572000012745
2026-01-18 20:00:00,20,6,298.0,660.3,54.0,153.0,732.5,745.1,724.2,483.64375,152.61357517863544
2026-01-18 21:00:00,21,6,337.0,785.3,69.0,146.4,660.3,837.0,633.9,481.4895833333333,147.69464090478508
2026-01-18 22:00:00,22,6,312.0,678.3,51.0,130.4,785.3,734.2,596.3,479.16041666666666,143.92885393649073
2026-01-18 23:00:00,23,6,296.0,645.8,57.0,138.5,678.3,542.05,645.9,483.48333333333335,147.41570816739107
2026-01-19 00:00:00,0,0,225.0,587.4,46.0,137.2,645.8,349.9,622.3,493.3791666666666,146.02350906369836
2026-01-19 01:00:00,1,0,228.0,515.5,39.0,117.1,587.4,401.3,545.7,498.1375,144.74764490837964
2026-01-19 02:00:00,2,0,224.0,525.2,42.0,134.5,515.5,357.6,456.1,505.12083333333334,141.68311850337423
2026-01-19 03:00:00,3,0,236.0,518.1,51.0,125.9,525.2,310.1,498.6,513.7875,135.46010262130505
2026-01-19 04:00:00,4,0,228.0,479.5,41.0,135.3,518.1,357.8,541.1,518.8583333333333,131.58953280914145
2026-01-19 05:00:00,5,0,232.0,511.5,39.0,108.5,479.5,396.0,494.3,523.6708333333333,128.98730129329826
2026-01-19 06:00:00,6,0,229.0,526.4,35.0,118.8,511.5,413.5,471.4,528.375,126.83546085553259
2026-01-19 07:00:00,7,0,206.0,483.0,48.0,135.3,526.4,345.1,407.6,534.1208333333333,121.16880061614116
2026-01-19 08:00:00,8,0,249.0,575.9,46.0,128.9,483.0,405.3,455.3,541.2291666666666,118.25198032781441
2026-01-19 09:00:00,9,0,239.0,594.8,47.0,128.9,575.9,327.3,507.2,552.3749999999999,109.4936656893332
2026-01-19 10:00:00,10,0,215.0,491.4,35.0,128.0,594.8,414.9,605.9,555.5625,106.38702443151514
2026-01-19 11:00:00,11,0,208.0,500.3,37.0,125.7,491.4,373.5,467.5,560.8458333333333,99.90339672672155
2026-01-19 12:00:00,12,0,269.0,650.7,49.0,125.2,500.3,373.3,559.4,572.4041666666667,93.07544615813934
2026-01-19 13:00:00,13,0,262.0,563.4,53.0,130.9,650.7,398.0,574.4,579.2958333333333,85.40804095719196
2026-01-19 14:00:00,14,0,244.0,540.3,43.0,131.3,563.4,520.9,617.5,580.1041666666666,84.92175160068228
2026-01-19 15:00:00,15,0,292.0,728.7,50.0,143.1,540.3,542.8,674.6,587.85,89.71412568724348
2026-01-19 16:00:00,16,0,316.0,823.7,60.0,133.3,728.7,545.3,774.9,599.4499999999999,101.23232857060287
2026-01-19 17:00:00,17,0,333.0,681.3,61.0,147.2,823.7,556.6,831.6,604.6458333333334,102.13354845992032
2026-01-19 18:00:00,18,0,380.0,914.6,80.0,181.1,681.3,712.2,993.1,613.0791666666667,118.45303592991982
2026-01-19 19:00:00,19,0,412.0,820.9,80.0,175.2,914.6,732.5,967.1,616.7624999999999,123.59090234036128
2026-01-19 20:00:00,20,0,470.0,1144.0,95.0,176.2,820.9,660.3,954.4,636.9166666666666,163.87344710680557
2026-01-19 21:00:00,21,0,440.0,985.3,83.0,173.0,1144.0,785.3,1001.7,645.25,176.35689111423622
2026-01-19 22:00:00,22,0,432.0,901.6,64.0,159.9,985.3,678.3,905.4,654.5541666666667,183.90518818878903
2026-01-19 23:00:00,23,0,358.0,835.1,80.0,144.5,901.6,645.8,842.6,662.4416666666667,187.5369851445355
2026-01-20 00:00:00,0,1,219.0,438.9,47.0,122.4,835.1,587.4,493.0,656.2541666666667,192.50449566555469
2026-01-20 01:00:00,1,1,222.0,515.5,35.0,118.0,438.9,515.5,466.7,656.2541666666667,192.50449566555469
2026-01-20 02:00:00,2,1,225.0,486.2,42.0,123.1,515.5,525.2,435.2,654.6291666666667,193.81898879280882
2026-01-20 03:00:00,3,1,261.0,543.7,39.0,115.0,486.2,518.1,500.1,655.6958333333333,193.10406853878604
2026-01-20 04:00:00,4,1,224.0,500.3,32.0,132.1,543.7,479.5,585.2,656.5625,192.3240060814502
2026-01-20 05:00:00,5,1,213.0,480.6,45.0,120.0,500.3,511.5,496.0,655.275,193.43754468988814
2026-01-20 06:00:00,6,1,245.0,573.8,38.0,134.1,480.6,526.4,504.0,657.25,192.30317097026165
2026-01-20 07:00:00,7,1,189.0,430.9,40.0,111.8,573.8,483.0,565.4,655.0791666666667,194.63565511682057
2026-01-20 08:00:00,8,1,247.0,547.8,47.0,136.4,430.9,575.9,528.0,653.9083333333333,195.21631907165028
2026-01-20 09:00:00,9,1,251.0,596.2,45.0,137.6,547.8,594.8,522.8,653.9666666666667,195.19809707435567
2026-01-20 10:00:00,10,1,210.0,589.05,42.0,126.1,596.2,491.4,479.0,658.0354166666666,192.66345656473442
2026-01-20 11:00:00,11,1,240.0,581.9,39.0,114.6,589.05,500.3,513.6,661.4354166666667,190.46630107002494
2026-01-20 12:00:00,12,1,221.0,488.7,37.0,126.0,581.9,650.7,547.3,654.6854166666666,193.70632718402229
2026-01-20 13:00:00,13,1,250.0,503.3,56.0,151.8,488.7,563.4,456.0,652.18125,195.3195001354255
2026-01-20 14:00:00,14,1,241.0,567.5,42.0,142.8,503.3,540.3,520.5,653.3145833333333,194.7200819678296
2026-01-20 15:00:00,15,1,305.0,657.8,59.0,148.4,567.5,728.7,558.2,650.3604166666667,194.0633743299876
2026-01-20 16:00:00,16,1,337.0,723.8,46.0,148.3,657.8,823.7,686.7,646.1979166666666,191.2344989337119
2026-01-20 17:00:00,17,1,376.0,931.8,54.0,158.6,723.8,681.3,833.4,656.6354166666666,199.87456636120567
2026-01-20 18:00:00,18,1,381.0,816.2,49.0,161.0,931.8,914.6,775.5,652.5354166666666,195.31001692914427
2026-01-20 19:00:00,19,1,423.0,895.1,78.0,184.1,816.2,820.9,1186.5,655.6270833333333,198.64974692154294
2026-01-20 20:00:00,20,1,413.0,921.9,81.0,160.7,895.1,1144.0,1014.9,646.3729166666666,179.1231559443707
2026-01-20 21:00:00,21,1,442.0,1049.5,83.0,174.8,921.9,985.3,1017.8,649.0479166666667,184.79431072974091
2026-01-20 22:00:00,22,1,365.0,856.5,87.0,170.5,1049.5,901.6,746.7,647.1687499999999,182.32729995002268
2026-01-20 23:00:00,23,1,346.0,836.5,58.0,135.0,856.5,835.1,858.9,647.2270833333333,182.39025346955557
2026-01-21 00:00:00,0,2,214.0,534.0,44.0,118.4,836.5,438.9,431.1,651.1895833333333,178.66243004200632
2026-01-21 01:00:00,1,2,212.0,542.6,34.0,106.5,534.0,515.5,549.4,652.31875,177.85136736129672
2026-01-21 02:00:00,2,2,236.0,471.0,40.0,143.2,542.6,486.2,474.3,651.6854166666666,178.49454106813323
2026-01-21 03:00:00,3,2,225.0,473.1,42.0,117.2,471.0,543.7,565.7,648.74375,180.91688538044534
2026-01-21 04:00:00,4,2,205.0,434.1,41.0,125.0,473.1,500.3,498.1,645.9854166666667,183.7608248684711
2026-01-21 05:00:00,5,2,214.0,497.3,38.0,126.4,434.1,480.6,548.4,646.68125,183.13790646757545
2026-01-21 06:00:00,6,2,250.0,612.8,41.0,117.0,497.3,573.8,596.7,648.30625,182.63544367215914
2026-01-21 07:00:00,7,2,216.0,532.5,43.0,117.4,612.8,430.9,508.4,652.5395833333333,178.50791297718803
2026-01-21 08:00:00,8,2,237.0,554.5,37.0,132.3,532.5,547.8,455.3,652.81875,178.34215211247457
2026-01-21 09:00:00,9,2,240.0,579.3,44.0,108.3,554.5,596.2,490.7,652.1145833333334,178.60859044969772
2026-01-21 10:00:00,10,2,239.0,578.8,39.0,137.7,579.3,589.05,610.1,651.6875,178.77811925376483
2026-01-21 11:00:00,11,2,246.0,554.5,41.0,134.6,578.8,581.9,487.8,650.5458333333332,179.32979087404263
2026-01-21 12:00:00,12,2,226.0,544.1,44.0,132.9,554.5,488.7,519.2,652.8541666666666,177.50318546845742
2026-01-21 13:00:00,13,2,264.0,599.8,45.0,153.9,544.1,503.3,559.3,656.875,175.044099412493
2026-01-21 14:00:00,14,2,298.0,685.0,53.0,147.2,599.8,567.5,679.2,661.7708333333334,174.0761839194877
2026-01-21 15:00:00,15,2,310.0,751.7,59.0,136.3,685.0,657.8,652.4,665.6833333333333,175.0356501989809
2026-01-21 16:00:00,16,2,330.0,666.7,57.0,145.0,751.7,723.8,730.7,663.3041666666667,174.59887563552263
2026-01-21 17:00:00,17,2,363.0,701.9,73.0,155.1,666.7,931.8,809.0,653.725,165.2859215709721
2026-01-21 18:00:00,18,2,353.0,819.7,62.0,157.8,701.9,816.2,941.6,653.8708333333334,165.43698256216985
2026-01-21 19:00:00,19,2,451.0,968.7,99.0,179.2,819.7,895.1,969.0,656.9375,170.7014016714831
2026-01-21 20:00:00,20,2,454.0,1061.4,77.0,184.7,968.7,921.9,1127.3,662.75,182.10964446919326
2026-01-21 21:00:00,21,2,432.0,965.7,72.0,162.1,1061.4,1049.5,971.4,659.2583333333333,175.0379782806578
2026-01-21 22:00:00,22,2,410.0,1004.4,78.0,196.3,965.7,856.5,990.5,665.4208333333333,184.62509834365994
2026-01-21 23:00:00,23,2,308.0,727.6,56.0,135.9,1004.4,836.5,849.1,660.8833333333333,181.55031082958564
2026-01-22 00:00:00,0,3,257.0,591.5,48.0,114.9,727.6,534.0,566.8,663.2791666666667,180.17729910374157
2026-01-22 01:00:00,1,3,252.0,635.2,52.0,143.8,591.5,542.6,559.8,667.1375,178.46403318681513
2026-01-22 02:00:00,2,3,245.0,541.8,37.0,135.8,635.2,471.0,468.9,670.0875,175.6438053524688
2026-01-22 03:00:00,3,3,201.0,469.1,31.0,133.1,541.8,473.1,579.5,669.9208333333333,175.84063926370084
2026-01-22 04:00:00,4,3,241.0,566.9,49.0,121.6,469.1,434.1,419.2,675.4541666666667,170.09273680060275
2026-01-22 05:00:00,5,3,220.0,503.4,46.0,147.7,566.9,497.3,490.6,675.7083333333334,169.8192873684233
2026-01-22 06:00:00,6,3,226.0,503.0,44.0,118.5,503.4,612.8,539.0,671.1333333333333,173.036305983473
2026-01-22 07:00:00,7,3,211.0,418.9,38.0,140.3,503.0,532.5,498.1,666.4,178.4621138700224
2026-01-22 08:00:00,8,3,257.0,558.3,47.0,123.6,418.9,554.5,428.5,666.5583333333333,178.3601752114232
2026-01-22 09:00:00,9,3,209.0,479.7,40.0,137.8,558.3,579.3,609.0,662.4083333333333,181.60788844355815
2026-01-22 10:00:00,10,3,235.0,555.2,38.0,125.0,479.7,578.8,506.3,661.4250000000001,182.14337938056997
2026-01-22 11:00:00,11,3,235.0,581.8,44.0,122.9,555.2,554.5,429.6,662.5625,181.53080661419514
2026-01-22 12:00:00,12,3,241.0,585.9,43.0,143.2,581.8,544.1,470.7,664.3041666666667,180.54265418976306
2026-01-22 13:00:00,13,3,256.0,582.7,52.0,138.0,585.9,599.8,560.8,663.5916666666667,180.8417778700174
2026-01-22 14:00:00,14,3,307.0,715.6,51.0,145.0,582.7,685.0,515.6,664.8666666666667,181.10695294713952
2026-01-22 15:00:00,15,3,297.0,681.0,59.0,147.6,715.6,751.7,632.0,661.9208333333333,180.20588944476822
2026-01-22 16:00:00,16,3,298.0,703.1,61.0,133.6,681.0,666.7,751.0,663.4375,180.4009322556177
2026-01-22 17:00:00,17,3,321.0,748.2,58.0,148.4,703.1,701.9,815.0,665.3666666666667,181.07642073149074
2026-01-22 18:00:00,18,3,461.0,1187.7,100.0,176.6,748.2,819.7,904.2,680.6999999999999,208.2546601597696
2026-01-22 19:00:00,19,3,448.0,967.1,89.0,173.9,1187.7,968.7,892.4,680.6333333333333,208.1586908579856
2026-01-22 20:00:00,20,3,396.0,963.0,85.0,167.9,967.1,1061.4,1007.2,676.5333333333334,201.18509467363845
2026-01-22 21:00:00,21,3,461.0,1086.8,94.0,163.7,963.0,965.7,834.2,681.5791666666667,210.07509005149848
2026-01-22 22:00:00,22,3,386.0,983.5,71.0,157.5,1086.8,1004.4,793.1,680.7083333333334,208.71763725533484
2026-01-22 23:00:00,23,3,345.0,849.9,65.0,143.0,983.5,727.6,752.0,685.8041666666667,211.38816239154832
2026-01-23 00:00:00,0,4,215.0,494.8,40.0,110.8,849.9,591.5,508.6,681.775,214.16710917452795
2026-01-23 01:00:00,1,4,235.0,547.0,40.0,131.2,494.8,635.2,478.6,678.1,215.75193081911036
2026-01-23 02:00:00,2,4,219.0,541.5,29.0,102.7,547.0,541.8,560.2,678.0875,215.76017949183324
2026-01-23 03:00:00,3,4,258.0,633.3,44.0,118.8,541.5,469.1,482.9,684.9291666666667,211.40453797763303
2026-01-23 04:00:00,4,4,250.0,518.0,39.0,137.0,633.3,566.9,548.5,682.8916666666668,212.8224447068841
2026-01-23 05:00:00,5,4,230.0,483.6,43.0,127.1,518.0,503.4,563.7,682.0666666666667,213.58549996922005
2026-01-23 06:00:00,6,4,212.0,507.6,34.0,102.1,483.6,503.0,572.1,682.2583333333333,213.41982287758955
2026-01-23 07:00:00,7,4,231.0,523.3,35.0,123.2,507.6,418.9,602.7,686.6083333333335,208.83324722114477
2026-01-23 08:00:00,8,4,234.0,509.7,39.0,123.2,523.3,558.3,508.2,684.5833333333334,210.36155142715796
2026-01-23 09:00:00,9,4,215.0,440.7,39.0,115.4,509.7,479.7,504.4,682.9583333333334,212.15602526907236
2026-01-23 10:00:00,10,4,232.0,548.3,40.0,145.0,440.7,555.2,402.9,682.6708333333332,212.3412767409372
2026-01-23 11:00:00,11,4,238.0,531.9,45.0,124.0,548.3,581.8,549.6,680.5916666666667,213.61240583715283
2026-01-23 12:00:00,12,4,260.0,595.2,49.0,128.1,531.9,585.9,613.9,680.9791666666666,213.4415304911536
2026-01-23 13:00:00,13,4,249.0,555.2,54.0,137.5,595.2,582.7,471.7,679.8333333333334,214.06497320585507
2026-01-23 14:00:00,14,4,299.0,737.5,54.0,138.3,555.2,715.6,521.0,680.7458333333333,214.27064352714416
2026-01-23 15:00:00,15,4,317.0,732.1,67.0,163.3,737.5,681.0,716.6,682.875,214.52701106914512
2026-01-23 16:00:00,16,4,335.0,772.0,75.0,147.4,732.1,703.1,748.3,685.7458333333334,215.2691641303105
2026-01-23 17:00:00,17,4,356.0,856.8,71.0,173.1,772.0,748.2,866.0,690.2708333333334,217.76595829141874
2026-01-23 18:00:00,18,4,380.0,979.8,76.0,162.7,856.8,1187.7,789.4,681.6083333333333,200.57490396719507
2026-01-23 19:00:00,19,4,440.0,955.7,77.0,160.8,979.8,967.1,918.1,681.1333333333333,199.88170994619477
2026-01-23 20:00:00,20,4,460.0,1029.9,64.0,171.2,955.7,963.0,944.5,683.9208333333332,204.3989002335064
2026-01-23 21:00:00,21,4,407.0,930.9,78.0,148.4,1029.9,1086.8,1004.4,677.4250000000001,193.20965465569824
2026-01-23 22:00:00,22,4,398.0,1026.1,74.0,168.5,930.9,983.5,861.7,679.2,196.31452802338328
2026-01-23 23:00:00,23,4,337.0,710.7,52.0,158.0,1026.1,849.9,919.0,673.4,193.08169705886343
2026-01-24 00:00:00,0,5,180.0,411.4,29.0,121.7,710.7,494.8,390.5,669.9250000000001,197.14358980195192
2026-01-24 01:00:00,1,5,188.0,427.8,26.0,104.0,411.4,547.0,405.8,664.9583333333334,201.8211238064367
2026-01-24 02:00:00,2,5,158.0,393.4,26.0,108.7,427.8,541.5,399.1,658.7875,207.93170766948495
2026-01-24 03:00:00,3,5,205.0,458.0,37.0,130.4,393.4,633.3,409.1,651.4833333333333,211.90689847947084
2026-01-24 04:00:00,4,5,172.0,388.6,35.0,106.8,458.0,518.0,356.6,646.0916666666667,217.03500402242688
2026-01-24 05:00:00,5,5,146.0,301.9,25.0,116.4,388.6,483.6,351.5,638.5208333333334,225.93623374973495
2026-01-24 06:00:00,6,5,175.0,377.9,33.0,114.4,301.9,507.6,447.3,633.1166666666667,230.7047061706279
2026-01-24 07:00:00,7,5,181.0,381.6,29.0,113.0,377.9,523.3,423.2,627.2125,235.40266392881585
2026-01-24 08:00:00,8,5,177.0,399.6,24.0,100.1,381.6,509.7,393.9,622.625,238.84001421726796
2026-01-24 09:00:00,9,5,144.0,329.7,25.0,105.9,399.6,440.7,416.4,618.0000000000001,243.54445000951102
2026-01-24 10:00:00,10,5,167.0,398.6,29.0,118.1,329.7,548.3,441.7,611.7624999999999,247.29529929690995
2026-01-24 11:00:00,11,5,166.0,400.9,32.0,135.2,398.6,531.9,410.4,606.3041666666667,250.5588648691026
2026-01-24 12:00:00,12,5,176.0,404.0,25.0,102.6,400.9,595.2,335.9,598.3375,253.94406918008463
2026-01-24 13:00:00,13,5,170.0,384.8,29.0,127.4,404.0,555.2,396.8,591.2375000000001,257.55895536581704
2026-01-24 14:00:00,14,5,208.0,427.2,42.0,129.9,384.8,737.5,493.0,578.3083333333334,257.68583993197956
2026-01-24 15:00:00,15,5,218.0,528.9,46.0,151.5,427.2,732.1,516.0,569.8416666666667,255.74398699492136
2026-01-24 16:00:00,16,5,256.0,567.7,47.0,140.7,528.9,772.0,537.3,561.3291666666667,252.09661619095186
2026-01-24 17:00:00,17,5,302.0,706.3,58.0,139.3,567.7,856.8,689.1,555.0583333333334,246.23088831890976
2026-01-24 18:00:00,18,5,322.0,766.9,61.0,156.2,706.3,979.8,765.8,546.1875,233.78406668752498
2026-01-24 19:00:00,19,5,314.0,740.1,65.0,133.6,766.9,955.7,700.0,537.2041666666668,221.16583681298752
2026-01-24 20:00:00,20,5,333.0,739.1,62.0,130.3,740.1,1029.9,745.1,525.0875,199.9476829671044
2026-01-24 21:00:00,21,5,329.0,680.4,63.0,155.4,739.1,930.9,837.0,514.65,183.7226572380483
2026-01-24 22:00:00,22,5,313.0,703.1,57.0,145.8,680.4,1026.1,734.2,501.19166666666666,154.06486470390522
2026-01-24 23:00:00,23,5,281.0,608.1,55.0,111.6,703.1,710.7,542.05,496.9166666666667,149.34998774884602
2026-01-25 00:00:00,0,6,190.0,449.0,38.0,104.0,608.1,411.4,349.9,498.4833333333333,148.609297112955
2026-01-25 01:00:00,1,6,187.0,399.0,31.0,127.9,449.0,427.8,401.3,497.2833333333333,149.31945231811042
2026-01-25 02:00:00,2,6,193.0,461.9,36.0,122.3,399.0,393.4,357.6,500.13750000000005,147.89532083170778
2026-01-25 03:00:00,3,6,181.0,439.2,34.0,121.9,461.9,458.0,310.1,499.3541666666667,148.1777251909151
2026-01-25 04:00:00,4,6,185.0,411.4,31.0,113.0,439.2,388.6,357.8,500.3041666666666,147.508359318519
2026-01-25 05:00:00,5,6,163.0,397.9,28.0,109.8,411.4,301.9,396.0,504.30416666666673,143.13096307431329
2026-01-25 06:00:00,6,6,210.0,471.2,38.0,124.7,397.9,377.9,413.5,508.19166666666666,140.7964979698729
2026-01-25 07:00:00,7,6,170.0,421.7,27.0,114.2,471.2,381.6,345.1,509.8625,139.4605127610175
2026-01-25 08:00:00,8,6,171.0,383.3,25.0,110.5,421.7,399.6,405.3,509.18333333333334,140.0592379849621
2026-01-25 09:00:00,9,6,175.0,402.4,27.0,113.0,383.3,329.7,327.3,512.2125,136.75585453647204
2026-01-25 10:00:00,10,6,168.0,390.4,30.0,118.8,402.4,398.6,414.9,511.8708333333334,137.0619424524594
2026-01-25 11:00:00,11,6,187.0,398.2,40.0,105.5,390.4,400.9,373.5,511.75833333333327,137.15806152239253
2026-01-25 12:00:00,12,6,177.0,451.15,38.5,133.5,398.2,404.0,373.3,513.7229166666666,135.87919185099832
2026-01-25 13:00:00,13,6,201.0,504.1,37.0,161.5,451.15,384.8,398.0,518.69375,133.11175781250682
2026-01-25 14:00:00,14,6,207.0,436.5,41.0,118.4,504.1,427.2,520.9,519.08125,132.84710467341537
2026-01-25 15:00:00,15,6,238.0,553.7,44.0,149.7,436.5,528.9,542.8,520.1145833333334,133.0231342083103
2026-01-25 16:00:00,16,6,249.0,525.0,47.0,112.3,553.7,567.7,545.3,518.3354166666667,132.64402711865435
2026-01-25 17:00:00,17,6,260.0,647.5,54.0,124.3,525.0,706.3,556.6,515.8854166666666,129.52770685570633
2026-01-25 18:00:00,18,6,335.0,715.6,57.0,138.5,647.5,766.9,712.2,513.7479166666667,125.56805835116035
2026-01-25 19:00:00,19,6,327.0,783.7,60.0,152.7,715.6,740.1,732.5,515.5645833333333,129.2467159444612
2026-01-25 20:00:00,20,6,328.0,828.4,67.0,156.8,783.7,739.1,660.3,519.2854166666666,137.01381355238368
2026-01-25 21:00:00,21,6,336.0,863.7,71.0,145.9,828.4,680.4,785.3,526.9229166666667,150.8004151614411
2026-01-25 22:00:00,22,6,330.0,735.3,58.0,151.2,863.7,703.1,678.3,528.2645833333332,152.56887858558505
2026-01-25 23:00:00,23,6,257.0,609.1,43.0,135.4,735.3,608.1,645.8,528.30625,152.59176448837135
2026-01-26 00:00:00,0,0,235.0,554.3,45.0,142.8,609.1,449.0,587.4,532.69375,151.7236993271014
2026-01-26 01:00:00,1,0,237.0,504.6,47.0,120.0,554.3,399.0,515.5,537.09375,149.18801408355938
2026-01-26 02:00:00,2,0,245.0,608.3,45.0,134.6,504.6,461.9,525.2,543.19375,148.9726633170043
2026-01-26 03:00:00,3,0,271.0,591.4,52.0,125.4,608.3,439.2,518.1,549.5354166666667,147.58631850044614
2026-01-26 04:00:00,4,0,258.0,573.2,39.0,131.6,591.4,411.4,479.5,556.2770833333334,144.66864837123003
2026-01-26 05:00:00,5,0,238.0,570.9,42.0,132.4,573.2,397.9,511.5,563.4854166666667,140.68943555960527
2026-01-26 06:00:00,6,0,255.0,547.8,47.0,131.5,570.9,471.2,526.4,566.6770833333334,139.36749198273813
2026-01-26 07:00:00,7,0,270.0,658.7,43.0,146.2,547.8,421.7,483.0,576.5520833333334,137.02512264034664
2026-01-26 08:00:00,8,0,221.0,542.1,43.0,138.1,658.7,383.3,575.9,583.16875,130.98874645697677
2026-01-26 09:00:00,9,0,231.0,484.1,36.0,129.4,542.1,402.4,594.8,586.5729166666666,127.09023581278716
2026-01-26 10:00:00,10,0,220.0,519.5,47.0,119.5,484.1,390.4,491.4,591.9520833333332,121.01290937169475
2026-01-26 11:00:00,11,0,203.0,477.3,31.0,122.6,519.5,398.2,500.3,595.2479166666667,116.4995591325575
2026-01-26 12:00:00,12,0,252.0,586.0,49.0,114.1,477.3,451.15,650.7,600.8666666666667,112.4283372397426
2026-01-26 13:00:00,13,0,224.0,506.5,42.0,124.1,586.0,504.1,563.4,600.9666666666667,112.33955773406177
2026-01-26 14:00:00,14,0,289.0,695.3,56.0,148.7,506.5,436.5,540.3,611.75,108.21131098959792
2026-01-26 15:00:00,15,0,325.0,754.1,69.0,145.6,695.3,553.7,728.7,620.1,111.22699078129091
2026-01-26 16:00:00,16,0,326.0,761.8,54.0,148.3,754.1,525.0,823.7,629.9666666666666,112.91429095313737
2026-01-26 17:00:00,17,0,351.0,741.7,60.0,141.7,761.8,647.5,681.3,633.8916666666667,115.16506836282852
2026-01-26 18:00:00,18,0,365.0,890.5,70.0,153.2,741.7,715.6,914.6,641.1791666666667,125.6194805550795
2026-01-26 19:00:00,19,0,442.0,969.0,66.0,162.2,890.5,783.7,820.9,648.9,139.66878210843188
2026-01-26 20:00:00,20,0,491.0,1059.7,91.0,186.7,969.0,828.4,1144.0,658.5375,159.20682695789284
2026-01-26 21:00:00,21,0,478.0,1058.8,79.0,189.4,1059.7,863.7,985.3,666.6666666666666,174.39449698803733
2026-01-26 22:00:00,22,0,398.0,932.4,79.0,162.7,1058.8,735.3,901.6,674.8791666666667,182.23183032029408
2026-01-26 23:00:00,23,0,397.0,1047.5,77.0,152.7,932.4,609.1,835.1,693.1458333333334,196.7458523493368
2026-01-27 00:00:00,0,1,218.0,529.2,40.0,153.5,1047.5,554.3,438.9,692.0999999999999,197.58093773570894
2026-01-27 01:00:00,1,1,274.0,639.5,55.0,140.2,529.2,504.6,515.5,697.7208333333333,193.89951225170634
2026-01-27 02:00:00,2,1,244.0,610.1,47.0,146.2,639.5,608.3,486.2,697.7958333333332,193.8637654310413
2026-01-27 03:00:00,3,1,229.0,535.4,48.0,119.6,610.1,591.4,543.7,695.4625,195.52986386494476
2026-01-27 04:00:00,4,1,259.0,652.4,44.0,148.2,535.4,573.2,500.3,698.7624999999999,194.03935461989326
2026-01-27 05:00:00,5,1,221.0,478.7,39.0,117.7,652.4,570.9,480.6,694.9208333333332,197.56162710309798
2026-01-27 06:00:00,6,1,235.0,579.7,42.0,116.9,478.7,547.8,573.8,696.25,196.633914983503
2026-01-27 07:00:00,7,1,194.0,469.7,31.0,130.8,579.7,658.7,430.9,688.375,201.91680863339735
2026-01-27 08:00:00,8,1,242.0,543.9,44.0,115.4,469.7,542.1,547.8,688.4499999999999,201.86044038222227
2026-01-27 09:00:00,9,1,222.0,537.2,43.0,130.5,543.9,484.1,596.2,690.6625,199.80379683144469
2026-01-27 10:00:00,10,1,210.0,450.8,37.0,136.3,537.2,519.5,589.05,687.8000000000001,202.8317550818056
2026-01-27 11:00:00,11,1,238.0,568.2,40.0,134.8,450.8,477.3,581.9,691.5875,199.55234752358658
2026-01-27 12:00:00,12,1,229.0,516.6,39.0,128.0,568.2,586.0,488.7,688.6958333333333,201.64081600096887
2026-01-27 13:00:00,13,1,276.0,600.5,49.0,149.5,516.6,506.5,503.3,692.6125000000001,198.84147566755917
2026-01-27 14:00:00,14,1,319.0,705.9,55.0,152.3,600.5,695.3,567.5,693.0541666666667,198.85947622940233
2026-01-27 15:00:00,15,1,328.0,678.2,73.0,148.9,705.9,754.1,657.8,689.8916666666668,198.44954657603085
2026-01-27 16:00:00,16,1,347.0,783.9,51.0,139.2,678.2,761.8,723.8,690.8125,198.84859066855344
2026-01-27 17:00:00,17,1,391.0,853.4,77.0,166.6,783.9,741.7,931.8,695.4666666666667,201.3824841626912
2026-01-27 18:00:00,18,1,369.0,848.0,62.0,160.1,853.4,890.5,816.2,693.6958333333333,199.77334652521694
2026-01-27 19:00:00,19,1,410.0,959.5,75.0,157.8,848.0,969.0,895.1,693.3000000000001,199.21276369096347
2026-01-27 20:00:00,20,1,463.0,1023.2,80.0,190.6,959.5,1059.7,921.9,691.7791666666666,196.41362960580892
2026-01-27 21:00:00,21,1,459.0,1092.7,75.0,172.1,1023.2,1058.8,1049.5,693.1916666666666,199.268941965085
2026-01-27 22:00:00,22,1,434.0,1044.0,61.0,176.0,1092.7,932.4,856.5,697.8416666666667,206.27266445520507
2026-01-27 23:00:00,23,1,371.0,776.0,65.0,166.7,1044.0,1047.5,836.5,686.5291666666667,193.29971204721593
2026-01-28 00:00:00,0,2,245.0,533.7,38.0,138.0,776.0,529.2,534.0,686.7166666666667,193.14258681238604
2026-01-28 01:00:00,1,2,232.0,546.0,33.0,122.0,533.7,639.5,542.6,682.8208333333333,195.0697600506861
2026-01-28 02:00:00,2,2,221.0,505.0,40.0,123.1,546.0,610.1,471.0,678.4416666666667,197.9319753957363
2026-01-28 03:00:00,3,2,291.0,688.4,58.0,130.9,505.0,535.4,473.1,684.8166666666666,195.57445077796285
2026-01-28 04:00:00,4,2,254.0,543.5,48.0,135.5,688.4,652.4,434.1,680.2791666666666,197.61192091124528
2026-01-28 05:00:00,5,2,265.0,601.5,56.0,119.1,543.5,478.7,497.3,685.3958333333334,193.71701790333933
2026-01-28 06:00:00,6,2,245.0,606.3,33.0,109.3,601.5,579.7,612.8,686.5041666666666,193.16129434764704
2026-01-28 07:00:00,7,2,264.0,648.8,46.0,156.3,606.3,469.7,532.5,693.9666666666667,187.80662966180904
2026-01-28 08:00:00,8,2,236.0,524.7,43.0,135.9,648.8,543.9,554.5,693.1666666666666,188.51322561529844
2026-01-28 09:00:00,9,2,201.0,484.6,35.0,121.2,524.7,537.2,579.3,690.975,190.69844223161758
2026-01-28 10:00:00,10,2,249.0,571.7,45.0,128.4,484.6,450.8,578.8,696.0124999999999,185.60700256772174
2026-01-28 11:00:00,11,2,225.0,472.3,46.0,145.9,571.7,568.2,554.5,692.0166666666668,189.47032730096973
2026-01-28 12:00:00,12,2,237.0,550.0,40.0,118.3,472.3,516.6,544.1,693.4083333333333,188.24456321421476
2026-01-28 13:00:00,13,2,271.0,628.5,48.0,139.0,550.0,600.5,599.8,694.5749999999999,187.72978094104906
2026-01-28 14:00:00,14,2,267.0,586.1,43.0,145.7,628.5,705.9,685.0,689.5833333333334,189.00395594357067
2026-01-28 15:00:00,15,2,311.0,669.0,69.0,137.3,586.1,678.2,751.7,689.1999999999999,189.03737380648445
2026-01-28 16:00:00,16,2,352.0,832.4,62.0,155.3,669.0,783.9,666.7,691.2208333333333,190.3484333238415
2026-01-28 17:00:00,17,2,398.0,993.2,56.0,179.1,832.4,853.4,701.9,697.0458333333335,197.5307460474402
2026-01-28 18:00:00,18,2,399.0,865.2,66.0,147.3,993.2,848.0,819.7,697.7624999999999,198.13252440793562
2026-01-28 19:00:00,19,2,442.0,1078.7,76.0,165.8,865.2,959.5,968.7,702.7291666666666,206.30436248873747
2026-01-28 20:00:00,20,2,439.0,971.2,98.0,169.6,1078.7,1023.2,1061.4,700.5625,203.03958023327542
2026-01-28 21:00:00,21,2,423.0,1058.1,57.0,173.6,971.2,1092.7,965.7,699.1208333333333,200.2376848064994
2026-01-28 22:00:00,22,2,464.0,1027.6,91.0,184.6,1058.1,1044.0,1004.4,698.4375,199.03394032720712
2026-01-28 23:00:00,23,2,409.0,966.6,80.0,162.1,1027.6,776.0,727.6,706.3791666666666,205.94587929666298
2026-01-29 00:00:00,0,3,231.0,606.4,42.0,105.8,966.6,533.7,591.5,709.4083333333333,203.81926545597892
2026-01-29 01:00:00,1,3,248.0,615.7,47.0,145.2,606.4,546.0,635.2,712.3125,201.8769843084609
2026-01-29 02:00:00,2,3,245.0,558.1,51.0,114.7,615.7,505.0,541.8,714.525,199.78627983096325
2026-01-29 03:00:00,3,3,241.0,561.8,46.0,128.5,558.1,688.4,469.1,709.25,202.1632379603399
2026-01-29 04:00:00,4,3,265.0,613.1,38.0,135.2,561.8,543.5,566.9,712.1500000000001,200.17159378024158
2026-01-29 05:00:00,5,3,264.0,666.1,56.0,140.4,613.1,601.5,503.4,714.8416666666667,199.05020541401768
2026-01-29 06:00:00,6,3,216.0,480.2,38.0,114.0,666.1,606.3,503.0,709.5875000000001,203.6509701991223
2026-01-29 07:00:00,7,3,234.0,548.6,41.0,132.3,480.2,648.8,418.9,705.4125,205.9652805534918
2026-01-29 08:00:00,8,3,238.0,592.7,38.0,107.1,548.6,524.7,558.3,708.2458333333334,203.82787491062166
2026-01-29 09:00:00,9,3,228.0,552.5,40.0,146.0,592.7,484.6,479.7,711.0750000000002,201.04084216246116
2026-01-29 10:00:00,10,3,273.0,543.1,50.0,155.2,552.5,571.7,555.2,709.8833333333333,201.98544860775414
2026-01-29 11:00:00,11,3,237.0,550.3,40.0,113.2,543.1,472.3,581.8,713.1333333333333,198.59553536438574
2026-01-29 12:00:00,12,3,284.0,710.5,45.0,116.0,550.3,550.0,585.9,719.8208333333333,195.54221156472454
2026-01-29 13:00:00,13,3,260.0,562.7,40.0,131.7,710.5,628.5,582.7,717.0791666666668,197.33137651118082
2026-01-29 14:00:00,14,3,333.0,747.7,67.0,160.6,562.7,586.1,715.6,723.8125,195.41554900641495
2026-01-29 15:00:00,15,3,313.0,758.7,65.0,149.5,747.7,669.0,681.0,727.5500000000001,195.1792843605042
2026-01-29 16:00:00,16,3,341.0,773.5,58.0,150.4,758.7,832.4,703.1,725.0958333333334,194.17128807400732
2026-01-29 17:00:00,17,3,386.0,877.7,72.0,167.7,773.5,993.2,748.2,720.2833333333333,188.5885322408389
2026-01-29 18:00:00,18,3,365.0,768.3,50.0,135.1,877.7,865.2,1187.7,716.2458333333334,186.3753948566477
2026-01-29 19:00:00,19,3,484.0,874.0999999999999,59.0,150.64999999999998,768.3,1078.7,967.1,707.7208333333333,173.2959042120355
2026-01-29 20:00:00,20,3,420.0,979.9,68.0,166.2,874.0999999999999,971.2,963.0,708.0833333333334,173.87913009921084
2026-01-29 21:00:00,21,3,383.0,927.8,63.0,158.0,979.9,1058.1,1086.8,702.6541666666667,164.24229445009655
2026-01-29 22:00:00,22,3,393.0,845.7,78.0,154.1,927.8,1027.6,983.5,695.0749999999999,152.36268015609392
2026-01-29 23:00:00,23,3,407.0,946.6,69.0,157.0,845.7,966.6,849.9,694.2416666666667,150.86031810821058
2026-01-30 00:00:00,0,4,240.0,534.9,40.0,143.4,946.6,606.4,494.8,691.2624999999999,153.35576940848986
2026-01-30 01:00:00,1,4,194.0,431.9,34.0,99.4,534.9,615.7,547.0,683.6041666666666,161.65790901499935
2026-01-30 02:00:00,2,4,215.0,494.9,38.0,144.7,431.9,558.1,541.5,680.9708333333333,164.28461114829133
2026-01-30 03:00:00,3,4,224.0,538.7,36.0,117.5,494.9,561.8,633.3,680.0083333333333,165.07890581454643
2026-01-30 04:00:00,4,4,259.0,555.2,45.0,130.7,538.7,613.1,518.0,677.5958333333334,166.5160587089767
2026-01-30 05:00:00,5,4,231.0,527.5,41.0,135.0,555.2,666.1,483.6,671.8208333333333,169.31202730633188
2026-01-30 06:00:00,6,4,228.0,548.8,34.0,107.9,527.5,480.2,507.6,674.6791666666667,166.4919947916731
2026-01-30 07:00:00,7,4,227.0,512.8,45.0,127.1,548.8,548.6,523.3,673.1875,167.82573081596698
2026-01-30 08:00:00,8,4,224.0,439.4,42.0,133.4,512.8,592.7,509.7,666.8000000000001,173.83214042138076
2026-01-30 09:00:00,9,4,242.0,605.5,38.0,140.2,439.4,552.5,440.7,669.0083333333333,172.64958962332295
2026-01-30 10:00:00,10,4,286.0,639.9,49.0,144.9,605.5,543.1,548.3,673.0416666666666,170.69999342010405
2026-01-30 11:00:00,11,4,275.0,596.3,52.0,121.4,639.9,550.3,531.9,674.9583333333334,169.51603981223593
2026-01-30 12:00:00,12,4,244.0,613.0,45.0,120.5,596.3,710.5,595.2,670.8958333333334,169.79531790330506
2026-01-30 13:00:00,13,4,260.0,672.2,42.0,122.9,613.0,562.7,555.2,675.4583333333334,168.22553680070226
2026-01-30 14:00:00,14,4,277.0,667.6,43.0,130.2,672.2,747.7,737.5,672.1208333333333,167.52309115116324
2026-01-30 15:00:00,15,4,340.0,718.2,63.0,154.9,667.6,758.7,732.1,670.4333333333333,166.81552859284568
2026-01-30 16:00:00,16,4,330.0,675.7,56.0,154.9,718.2,773.5,772.0,666.3583333333333,165.37666339934972
2026-01-30 17:00:00,17,4,330.0,721.7,59.0,150.1,675.7,877.7,856.8,659.8583333333333,159.6763762894434
2026-01-30 18:00:00,18,4,478.0,1000.0,91.0,172.1,721.7,768.3,979.8,669.5125,172.9690128380638
2026-01-30 19:00:00,19,4,409.0,940.2,82.0,161.5,1000.0,874.0999999999999,955.7,672.2666666666667,176.85096321028666
2026-01-30 20:00:00,20,4,414.0,971.8,94.0,169.0,940.2,979.9,1029.9,671.9291666666667,176.24504551572772
2026-01-30 21:00:00,21,4,421.0,881.8,93.0,174.1,971.8,927.8,930.9,670.0124999999999,173.57130927136052
2026-01-30 22:00:00,22,4,343.0,766.6,74.0,172.1,881.8,845.7,1026.1,666.7166666666667,170.81942325836138
2026-01-30 23:00:00,23,4,361.0,801.9,66.0,152.6,766.6,946.6,710.7,660.6875,162.88042643368098
2026-01-31 00:00:00,0,5,183.0,420.6,36.0,107.8,801.9,534.9,411.4,655.9250000000001,168.29915458724975
2026-01-31 01:00:00,1,5,181.0,481.7,33.0,101.9,420.6,431.9,427.8,658.0,165.7039974853023
2026-01-31 02:00:00,2,5,184.0,441.2,36.0,126.7,481.7,494.9,393.4,655.7624999999999,168.34362066786372
2026-01-31 03:00:00,3,5,169.0,358.7,29.0,117.9,441.2,538.7,458.0,648.2625,177.54395858001266
2026-01-31 04:00:00,4,5,195.0,443.7,34.0,123.8,358.7,555.2,388.6,643.6166666666667,181.4997776179428
2026-01-31 05:00:00,5,5,183.0,431.6,37.0,125.0,443.7,527.5,301.9,639.6208333333333,185.18553323900568
2026-01-31 06:00:00,6,5,152.0,340.7,24.0,113.7,431.6,548.8,377.9,630.95,194.27183107137915
2026-01-31 07:00:00,7,5,156.0,358.8,23.0,83.8,340.7,512.8,381.6,624.5333333333333,200.7782199920818
2026-01-31 08:00:00,8,5,152.0,344.0,27.0,98.4,358.8,439.4,399.6,620.5583333333333,205.49187420022048
2026-01-31 09:00:00,9,5,162.0,403.6,26.0,102.5,344.0,605.5,329.7,612.1458333333334,210.21362008404924
2026-01-31 10:00:00,10,5,193.0,496.2,34.0,107.0,403.6,639.9,398.6,606.1583333333333,211.43169915080736
2026-01-31 11:00:00,11,5,168.0,400.0,30.0,107.9,496.2,596.3,400.9,597.9791666666666,215.58573998813628
2026-01-31 12:00:00,12,5,187.0,393.6,34.0,112.9,400.0,613.0,404.0,588.8375,219.53660646026069
2026-01-31 13:00:00,13,5,196.0,450.9,37.0,135.5,393.6,672.2,384.8,579.6166666666667,220.52824657225278
2026-01-31 14:00:00,14,5,217.0,466.7,39.0,134.6,450.9,667.6,427.2,571.2458333333333,220.85601049821773
2026-01-31 15:00:00,15,5,245.0,533.7,45.0,121.8,466.7,718.2,528.9,563.5583333333334,218.7191467268652
2026-01-31 16:00:00,16,5,239.0,596.9,44.0,132.6,533.7,675.7,567.7,560.275,217.55086211894474
2026-01-31 17:00:00,17,5,313.0,750.8,56.0,145.4,596.9,721.7,706.3,561.4875,218.56838013189082
2026-01-31 18:00:00,18,5,271.0,643.1,40.0,115.8,750.8,1000.0,766.9,546.6166666666667,198.67158101109916
2026-01-31 19:00:00,19,5,342.0,814.8,51.0,164.1,643.1,940.2,740.1,541.3916666666667,189.29828983969284
2026-01-31 20:00:00,20,5,346.0,817.0,69.0,143.6,814.8,971.8,739.1,534.9416666666666,176.1778422544951
2026-01-31 21:00:00,21,5,308.0,683.4,69.0,140.8,817.0,881.8,680.4,526.6750000000001,163.3850619801619
2026-01-31 22:00:00,22,5,324.0,775.7,57.0,119.8,683.4,766.6,703.1,527.0541666666667,163.97555485675355
2026-01-31 23:00:00,23,5,316.0,848.4,57.0,147.6,775.7,801.9,608.1,528.9916666666667,167.59895433072995
2026-02-01 00:00:00,0,6,184.0,380.4,27.0,99.2,848.4,420.6,449.0,527.3166666666666,168.92496576282468
2026-02-01 01:00:00,1,6,147.0,306.6,29.0,137.4,380.4,481.7,399.0,520.0208333333334,174.6645579617442
2026-02-01 02:00:00,2,6,169.0,406.3,35.0,113.9,306.6,441.2,461.9,518.5666666666667,175.4926275341533
2026-02-01 03:00:00,3,6,186.0,436.5,31.0,132.7,406.3,358.7,439.2,521.8083333333333,173.1136367588774
2026-02-01 04:00:00,4,6,182.0,432.5,31.0,91.6,436.5,443.7,411.4,521.3416666666667,173.3482870500568
2026-02-01 05:00:00,5,6,171.0,356.3,36.0,104.1,432.5,431.6,397.9,518.2041666666667,175.70855186722088
2026-02-01 06:00:00,6,6,142.0,309.7,18.0,106.1,356.3,340.7,471.2,516.9125,177.17795110762552
2026-02-01 07:00:00,7,6,171.0,386.3,28.0,109.1,309.7,358.8,421.7,518.0583333333333,176.1971670222514
2026-02-01 08:00:00,8,6,178.0,416.3,34.0,105.8,386.3,344.0,383.3,521.0708333333333,173.69210760064522
2026-02-01 09:00:00,9,6,192.0,415.5,35.0,109.0,416.3,403.6,402.4,521.5666666666667,173.35885291515535
2026-02-01 10:00:00,10,6,191.0,445.5,39.0,107.7,415.5,496.2,390.4,519.4541666666668,173.98916502788884
2026-02-01 11:00:00,11,6,199.0,474.0,39.0,96.1,445.5,400.0,398.2,522.5375,172.42892628432654
2026-02-01 12:00:00,12,6,167.0,405.9,29.0,127.2,474.0,393.6,451.15,523.0500000000001,172.0468869359406
2026-02-01 13:00:00,13,6,203.0,457.6,42.0,118.9,405.9,450.9,504.1,523.3291666666668,171.93012098996408
2026-02-01 14:00:00,14,6,250.0,517.8,48.0,138.1,457.6,466.7,436.5,525.4583333333334,171.51424561614658
2026-02-01 15:00:00,15,6,204.0,531.3,46.0,131.6,517.8,533.7,553.7,525.3583333333332,171.50993105145795
2026-02-01 16:00:00,16,6,252.0,549.4,43.0,146.7,531.3,596.9,525.0,523.3791666666666,170.92152783525174
2026-02-01 17:00:00,17,6,322.0,696.9,47.0,145.0,549.4,750.8,647.5,521.1333333333333,168.13478978555383
2026-02-01 18:00:00,18,6,269.0,596.5,45.0,133.9,696.9,643.1,715.6,519.1916666666667,166.92980278539693
2026-02-01 19:00:00,19,6,327.0,697.2,57.0,149.1,596.5,814.8,783.7,514.2916666666666,159.43300328423967
2026-02-01 20:00:00,20,6,336.0,737.3,68.0,145.6,697.2,817.0,828.4,510.97083333333336,153.57621101778818
2026-02-01 21:00:00,21,6,316.0,731.2,50.0,144.7,737.3,683.4,863.7,512.9625,156.19718255127722
2026-02-01 22:00:00,22,6,337.0,729.8,62.0,136.1,731.2,775.7,735.3,511.05,153.09042511166416
2026-02-01 23:00:00,23,6,283.0,599.2,44.0,133.9,729.8,848.4,609.1,500.6666666666667,136.7990391101113
2026-02-02 00:00:00,0,0,249.0,626.2,52.0,137.0,599.2,380.4,554.3,510.9083333333333,136.60457346939052
2026-02-02 01:00:00,1,0,205.0,508.3,37.0,135.1,626.2,306.6,504.6,519.3125,129.5088390889765
2026-02-02 02:00:00,2,0,257.0,588.0,47.0,147.1,508.3,406.3,608.3,526.8833333333333,127.91623164728188
2026-02-02 03:00:00,3,0,265.0,605.4,41.0,134.9,588.0,436.5,591.4,533.9208333333332,127.37244592879794
2026-02-02 04:00:00,4,0,236.0,546.8,50.0,107.4,605.4,432.5,573.2,538.6833333333333,125.53907296368017
2026-02-02 05:00:00,5,0,239.0,604.0,38.0,122.0,546.8,356.3,570.9,549.0041666666667,119.9506183871087
2026-02-02 06:00:00,6,0,239.0,598.8,53.0,116.9,604.0,309.7,547.8,561.05,108.87930293998105
2026-02-02 07:00:00,7,0,228.0,546.6,40.0,129.9,598.8,386.3,658.7,567.7291666666666,102.41830882163879
2026-02-02 08:00:00,8,0,212.0,512.6,38.0,120.7,546.6,416.3,542.1,571.7416666666667,98.01968709382587
2026-02-02 09:00:00,9,0,222.0,493.7,31.0,142.6,512.6,415.5,484.1,574.9999999999999,93.80947388886086
2026-02-02 10:00:00,10,0,279.0,602.5,52.0,120.9,493.7,445.5,519.5,581.5416666666666,89.7736182641226
2026-02-02 11:00:00,11,0,214.0,501.3,37.0,114.3,602.5,474.0,477.3,582.6791666666667,88.5158840040307
2026-02-02 12:00:00,12,0,251.0,637.9,47.0,112.4,501.3,405.9,586.0,592.3458333333333,80.69325158555581
2026-02-02 13:00:00,13,0,252.0,562.3,51.0,120.8,637.9,457.6,506.5,596.7083333333333,75.77190552353294
2026-02-02 14:00:00,14,0,292.0,649.8,48.0,164.1,562.3,517.8,695.3,602.2083333333334,74.57647907942957
2026-02-02 15:00:00,15,0,293.0,740.1,47.0,125.6,649.8,531.3,754.1,610.9083333333334,78.04333755185276
2026-02-02 16:00:00,16,0,326.0,806.7,57.0,150.5,740.1,549.4,761.8,621.6291666666667,86.44680937692166
2026-02-02 17:00:00,17,0,376.0,837.3,73.0,145.0,806.7,696.9,741.7,627.4791666666666,95.98619456516656
2026-02-02 18:00:00,18,0,453.0,1106.0,95.0,200.8,837.3,596.5,890.5,648.7083333333334,136.59098867936484
2026-02-02 19:00:00,19,0,510.0,1030.7,104.0,202.4,1106.0,697.2,969.0,662.6041666666666,157.15475474323515
2026-02-02 20:00:00,20,0,436.0,1037.4,68.0,163.3,1030.7,737.3,1059.7,675.1083333333332,174.3541047425621
2026-02-02 21:00:00,21,0,397.0,903.8,60.0,141.1,1037.4,731.2,1058.8,682.3000000000001,180.22901614576432
2026-02-02 22:00:00,22,0,405.0,917.0,69.0,171.4,903.8,729.8,932.4,690.0999999999999,186.3219677122763
2026-02-02 23:00:00,23,0,383.0,855.2,80.0,173.8,917.0,599.2,1047.5,700.7666666666668,188.2100668810331
2026-02-03 00:00:00,0,1,253.0,543.7,46.0,143.3,855.2,626.2,529.2,697.3291666666668,190.37215607323367
2026-02-03 01:00:00,1,1,243.0,497.2,53.0,125.6,543.7,508.3,639.5,696.8666666666667,190.8642077423163
2026-02-03 02:00:00,2,1,236.0,563.6,35.0,109.9,497.2,588.0,610.1,695.85,191.53312802341898
2026-02-03 03:00:00,3,1,238.0,597.5,42.0,131.2,563.6,605.4,535.4,695.5208333333334,191.70204684481953
2026-02-03 04:00:00,4,1,228.0,537.3,43.0,118.2,597.5,546.8,652.4,695.125,192.03200650344658
2026-02-03 05:00:00,5,1,236.0,549.2,40.0,137.6,537.3,604.0,478.7,692.8416666666667,193.48294142685816
2026-02-03 06:00:00,6,1,247.0,498.5,43.0,146.1,549.2,598.8,579.7,688.6625,196.65967030358223
2026-02-03 07:00:00,7,1,217.0,540.4,44.0,124.1,498.5,546.6,469.7,688.4041666666667,196.85836992104663
2026-02-03 08:00:00,8,1,247.0,557.3,47.0,131.1,540.4,512.6,543.9,690.2666666666665,195.32825808315016
2026-02-03 09:00:00,9,1,237.0,570.2,46.0,127.6,557.3,493.7,537.2,693.4541666666668,192.58602364560053
2026-02-03 10:00:00,10,1,224.0,596.5,39.0,124.8,570.2,602.5,450.8,693.2041666666668,192.7130790876683
2026-02-03 11:00:00,11,1,247.0,532.6,53.0,119.6,596.5,501.3,568.2,694.5083333333333,191.45975605438971
2026-02-03 12:00:00,12,1,262.0,610.3,44.0,168.9,532.6,637.9,516.6,693.3583333333332,191.89694679282007
2026-02-03 13:00:00,13,1,246.0,574.0,44.0,116.0,610.3,562.3,600.5,693.8458333333333,191.56409979354368
2026-02-03 14:00:00,14,1,325.0,712.4,59.0,129.9,574.0,649.8,705.9,696.4541666666665,191.36437353944842
2026-02-03 15:00:00,15,1,325.0,723.3,59.0,154.8,712.4,740.1,678.2,695.7541666666666,191.22845653976378
2026-02-03 16:00:00,16,1,394.0,944.6,69.0,179.8,723.3,806.7,783.9,701.5,196.70042770891524
2026-02-03 17:00:00,17,1,408.0,940.8,81.0,163.6,944.6,837.3,853.4,705.8125,200.89699353367686
2026-02-03 18:00:00,18,1,359.0,902.2,64.0,165.6,940.8,1106.0,848.0,697.3208333333333,187.07801901686895
2026-02-03 19:00:00,19,1,439.0,944.1,70.0,167.0,902.2,1030.7,959.5,693.7125,181.10819085143245
2026-02-03 20:00:00,20,1,504.0,1175.5,85.0,205.8,944.1,1037.4,1023.2,699.4666666666667,194.22169239583428
2026-02-03 21:00:00,21,1,476.0,1150.8,84.0,190.3,1175.5,903.8,1092.7,709.7583333333333,211.31216742405041
2026-02-03 22:00:00,22,1,414.0,1065.4,81.0,154.3,1150.8,917.0,1044.0,715.9416666666666,219.64689234961014
2026-02-03 23:00:00,23,1,434.0,899.8,80.0,150.9,1065.4,855.2,776.0,717.8000000000001,221.0604422560387
2026-02-04 00:00:00,0,2,242.0,571.0,49.0,161.3,899.8,543.7,533.7,718.9375,220.19417480843097
2026-02-04 01:00:00,1,2,250.0,573.3,47.0,131.9,571.0,497.2,546.0,722.1083333333332,217.39239000453696
2026-02-04 02:00:00,2,2,223.0,535.7,39.0,124.0,573.3,563.6,505.0,720.9458333333333,218.3493530603759
2026-02-04 03:00:00,3,2,252.0,547.3,52.0,128.6,535.7,597.5,688.4,718.8541666666666,219.8188107216989
2026-02-04 04:00:00,4,2,238.0,603.9,39.0,131.9,547.3,537.3,543.5,721.6291666666667,217.83867680538157
2026-02-04 05:00:00,5,2,249.0,575.3,42.0,145.1,603.9,549.2,601.5,722.7166666666667,217.0039944867123
2026-02-04 06:00:00,6,2,243.0,588.7,41.0,107.4,575.3,498.5,606.3,726.475,213.7079706963011
2026-02-04 07:00:00,7,2,243.0,584.0,41.0,114.3,588.7,540.4,648.8,728.2916666666666,212.2376885693868
2026-02-04 08:00:00,8,2,296.0,639.2,55.0,124.1,584.0,557.3,524.7,731.7041666666668,210.01562359928786
2026-02-04 09:00:00,9,2,234.0,513.7,40.0,140.2,639.2,570.2,484.6,729.3499999999999,212.2099186306287
2026-02-04 10:00:00,10,2,254.0,538.6,47.0,130.4,513.7,596.5,571.7,726.9375,214.1065253204191
2026-02-04 11:00:00,11,2,292.0,619.9,61.0,126.9,538.6,532.6,472.3,730.5749999999999,211.3856258738697
2026-02-04 12:00:00,12,2,243.0,539.8,38.0,118.9,619.9,610.3,550.0,727.6375000000002,213.60785242955345
2026-02-04 13:00:00,13,2,292.0,691.2,55.0,136.9,539.8,574.0,628.5,732.5208333333334,211.26967308275323
2026-02-04 14:00:00,14,2,273.0,616.9,50.0,137.6,691.2,712.4,586.1,728.5416666666666,212.56052215712776
2026-02-04 15:00:00,15,2,332.0,813.1,55.0,157.2,616.9,723.3,669.0,732.2833333333333,213.25347984656037
2026-02-04 16:00:00,16,2,315.0,752.1,57.0,152.6,813.1,944.6,832.4,724.2624999999999,208.4875552797394
2026-02-04 17:00:00,17,2,440.0,1025.3,77.0,160.8,752.1,940.8,993.2,727.7833333333333,212.96866204794878
2026-02-04 18:00:00,18,2,484.0,1171.8,83.0,172.7,1025.3,902.2,865.2,739.0166666666665,229.07005700111358
2026-02-04 19:00:00,19,2,434.0,1125.9,75.0,165.4,1171.8,944.1,1078.7,746.5916666666667,238.94000505250986
2026-02-04 20:00:00,20,2,445.0,1062.2,63.0,171.1,1125.9,1175.5,971.2,741.8708333333334,231.08768235976248
2026-02-04 21:00:00,21,2,428.0,992.9,77.0,193.1,1062.2,1150.8,1058.1,735.2916666666666,220.96513775129765
2026-02-04 22:00:00,22,2,428.0,1102.1,69.0,160.4,992.9,1065.4,1027.6,736.8208333333333,223.46182823367596
2026-02-04 23:00:00,23,2,349.0,885.5,51.0,137.8,1102.1,899.8,966.6,736.225,223.02701191442915
2026-02-05 00:00:00,0,3,220.0,570.3,41.0,107.9,885.5,571.0,606.4,736.1958333333333,223.04960352813595
2026-02-05 01:00:00,1,3,243.0,598.0,37.0,122.5,570.3,573.3,615.7,737.225,222.32110590413015
2026-02-05 02:00:00,2,3,217.0,453.2,40.0,123.2,598.0,535.7,558.1,733.7875,226.17690135494033
2026-02-05 03:00:00,3,3,246.0,592.0,50.0,131.8,453.2,547.3,561.8,735.6500000000001,224.75403367275655
2026-02-05 04:00:00,4,3,228.0,495.3,33.0,139.5,592.0,603.9,613.1,731.125,228.58252101384335
2026-02-05 05:00:00,5,3,261.0,628.7,49.0,163.3,495.3,575.3,666.1,733.35,227.25583361719043
2026-02-05 06:00:00,6,3,246.0,566.7,43.0,147.3,628.7,588.7,480.2,732.4333333333333,227.90810059943294
2026-02-05 07:00:00,7,3,246.0,532.8,48.0,111.1,566.7,584.0,548.6,730.3000000000001,229.59133258901713
2026-02-05 08:00:00,8,3,245.0,538.6,48.0,128.9,532.8,639.2,592.7,726.1083333333332,232.23003385262007
2026-02-05 09:00:00,9,3,267.0,607.5,49.0,118.4,538.6,513.7,552.5,730.0166666666668,229.27031447932796
2026-02-05 10:00:00,10,3,271.0,648.8,58.0,125.6,607.5,538.6,543.1,734.6083333333332,226.35504799677844
2026-02-05 11:00:00,11,3,244.0,599.7,50.0,104.5,648.8,619.9,550.3,733.7666666666668,226.8371598778515
2026-02-05 12:00:00,12,3,250.0,611.5,48.0,119.3,599.7,539.8,710.5,736.7541666666666,224.63294694111536
2026-02-05 13:00:00,13,3,264.0,589.0,41.0,140.1,611.5,691.2,562.7,732.4958333333334,226.4950339779381
2026-02-05 14:00:00,14,3,279.0,625.2,44.0,137.1,589.0,616.9,747.7,732.8416666666667,226.3171244009214
2026-02-05 15:00:00,15,3,308.0,717.7,61.0,122.7,625.2,813.1,758.7,728.8666666666668,225.68309768281455
2026-02-05 16:00:00,16,3,314.0,612.3,61.0,144.3,717.7,752.1,773.5,723.0416666666666,226.85845599838612
2026-02-05 17:00:00,17,3,432.0,967.1,82.0,158.2,612.3,1025.3,877.7,720.6166666666667,223.7771303283061
2026-02-05 18:00:00,18,3,500.0,1082.0,84.0,179.1,967.1,1171.8,768.3,716.875,216.53880112188907
2026-02-05 19:00:00,19,3,470.0,1101.3,80.0,177.2,1082.0,1125.9,874.0999999999999,715.8499999999999,214.56772722200807
2026-02-05 20:00:00,20,3,446.0,1024.5,83.0,172.6,1101.3,1062.2,979.9,714.2791666666667,212.04505259427964
2026-02-05 21:00:00,21,3,485.0,1148.9,80.0,179.7,1024.5,992.9,927.8,720.7791666666667,223.0620014785662
2026-02-05 22:00:00,22,3,368.0,814.3,77.0,157.0,1148.9,1102.1,845.7,708.7875,208.96145538581322
2026-02-05 23:00:00,23,3,430.0,1022.0,75.0,178.0,814.3,885.5,946.6,714.475,215.7283804473474
2026-02-06 00:00:00,0,4,258.0,536.0,47.0,130.4,1022.0,570.3,534.9,713.0458333333335,216.83581843366605
2026-02-06 01:00:00,1,4,224.0,559.8,38.0,152.6,536.0,598.0,431.9,711.4541666666668,217.8548279677117
2026-02-06 02:00:00,2,4,220.0,506.9,34.0,128.7,559.8,453.2,494.9,713.6916666666667,215.3484273100879
2026-02-06 03:00:00,3,4,263.0,538.5,47.0,140.7,506.9,592.0,538.7,711.4625000000001,216.9339446898441
2026-02-06 04:00:00,4,4,227.0,504.5,40.0,119.1,538.5,495.3,555.2,711.8458333333334,216.54314356581003
2026-02-06 05:00:00,5,4,290.0,681.9,60.0,150.3,504.5,628.7,527.5,714.0625,215.9264222761013
2026-02-06 06:00:00,6,4,292.0,669.4,44.0,132.8,681.9,566.7,548.8,718.3416666666667,213.887070806002
2026-02-06 07:00:00,7,4,227.0,486.9,45.0,120.6,669.4,532.8,512.8,716.4291666666667,215.814772591779
2026-02-06 08:00:00,8,4,213.0,508.2,38.0,121.5,486.9,538.6,439.4,715.1624999999999,216.98988518301914
2026-02-06 09:00:00,9,4,275.0,647.5,52.0,113.3,508.2,607.5,605.5,716.8291666666665,216.27944580458157
2026-02-06 10:00:00,10,4,246.0,575.1,37.0,107.3,647.5,648.8,639.9,713.7583333333333,217.80518202935687
2026-02-06 11:00:00,11,4,277.0,679.2,58.0,151.8,575.1,599.7,596.3,717.0708333333332,216.59628540547502
2026-02-06 12:00:00,12,4,217.0,532.9,40.0,113.8,679.2,611.5,613.0,713.7958333333332,218.84450997706605
2026-02-06 13:00:00,13,4,323.0,733.8,53.0,146.1,532.9,589.0,672.2,719.8291666666665,217.24457161210785
2026-02-06 14:00:00,14,4,291.0,656.0,54.0,127.7,733.8,625.2,667.6,721.1125000000001,216.75167581218838
2026-02-06 15:00:00,15,4,382.0,949.3,69.0,161.4,656.0,717.7,718.2,730.7624999999999,221.69236383958588
2026-02-06 16:00:00,16,4,395.0,929.7,65.0,147.9,949.3,612.3,675.7,743.9875000000001,223.77567826907224
2026-02-06 17:00:00,17,4,438.0,970.1,62.0,165.2,929.7,967.1,721.7,744.1125000000001,223.9065261345745
2026-02-06 18:00:00,18,4,409.0,957.7,74.0,179.8,970.1,1082.0,1000.0,738.9333333333333,217.08472933429852
2026-02-06 19:00:00,19,4,454.0,1013.7,74.0,175.9,957.7,1101.3,940.2,735.2833333333333,211.3888147809469
2026-02-06 20:00:00,20,4,481.0,1025.8,69.0,176.0,1013.7,1024.5,971.8,735.3375,211.46629870769277
2026-02-06 21:00:00,21,4,497.0,1051.5,66.0,167.5,1025.8,1148.9,881.8,731.2791666666666,203.98672160358973
2026-02-06 22:00:00,22,4,400.0,937.9,71.0,146.3,1051.5,814.3,766.6,736.4291666666667,207.70030348760037
2026-02-06 23:00:00,23,4,351.0,861.6,66.0,154.4,937.9,1022.0,801.9,729.7458333333333,200.57001375247341
2026-02-07 00:00:00,0,5,178.0,356.4,33.0,110.6,861.6,536.0,420.6,722.2624999999999,211.18272082745705
2026-02-07 01:00:00,1,5,192.0,430.2,35.0,121.5,356.4,559.8,481.7,716.8625000000001,217.091831525781
2026-02-07 02:00:00,2,5,186.0,377.0,40.0,122.3,430.2,506.9,441.2,711.4499999999999,224.0616219587444
2026-02-07 03:00:00,3,5,164.0,375.9,33.0,99.9,377.0,538.5,358.7,704.6749999999998,231.84173059110594
2026-02-07 04:00:00,4,5,186.0,395.7,33.0,107.9,375.9,504.5,443.7,700.1416666666665,236.9338394475618
2026-02-07 05:00:00,5,5,174.0,415.5,33.0,115.9,395.7,681.9,431.6,689.0416666666666,243.96158806106348
2026-02-07 06:00:00,6,5,193.0,491.3,35.0,109.4,415.5,669.4,340.7,681.6208333333334,247.2713014153156
2026-02-07 07:00:00,7,5,185.0,419.3,31.0,106.9,491.3,486.9,358.8,678.8041666666667,249.95624222123956
2026-02-07 08:00:00,8,5,169.0,353.6,29.0,119.9,419.3,508.2,344.0,672.3625000000001,256.4517851328525
2026-02-07 09:00:00,9,5,200.0,452.7,42.0,120.1,353.6,647.5,403.6,664.2458333333334,260.32632194022983
2026-02-07 10:00:00,10,5,164.0,379.4,31.0,119.4,452.7,575.1,496.2,656.0916666666667,266.2378520056462
2026-02-07 11:00:00,11,5,204.0,475.4,34.0,108.2,379.4,679.2,400.0,647.6,268.7074164443076
2026-02-07 12:00:00,12,5,209.0,487.4,41.0,114.2,475.4,532.9,393.6,645.7041666666667,269.7104912907903
2026-02-07 13:00:00,13,5,206.0,463.4,32.0,139.3,487.4,733.8,450.9,634.4375,271.5121629311767
2026-02-07 14:00:00,14,5,224.0,529.1,41.0,125.1,463.4,656.0,466.7,629.15,272.30846639347413
2026-02-07 15:00:00,15,5,291.0,640.5,47.0,130.2,529.1,949.3,533.7,616.2833333333333,263.6823923927641
2026-02-07 16:00:00,16,5,310.0,711.5,53.0,147.7,640.5,929.7,596.9,607.1916666666667,256.0575426440864
2026-02-07 17:00:00,17,5,313.0,717.3,54.0,143.7,711.5,970.1,750.8,596.6583333333333,245.4600169631234
2026-02-07 18:00:00,18,5,333.0,740.6,66.0,152.9,717.3,957.7,643.1,587.6125,235.36913896279506
2026-02-07 19:00:00,19,5,324.0,771.8,66.0,147.5,740.6,1013.7,814.8,577.5333333333334,221.07492860560103
2026-02-07 20:00:00,20,5,370.0,862.1,69.0,135.6,771.8,1025.8,817.0,570.7125,208.82939430049979
2026-02-07 21:00:00,21,5,370.0,898.3,72.0,161.1,862.1,1051.5,683.4,564.3291666666667,195.40398393688486
2026-02-07 22:00:00,22,5,309.0,722.9,61.0,153.1,898.3,937.9,775.7,555.3708333333333,182.0016709889065
2026-02-07 23:00:00,23,5,306.0,758.2,57.0,138.8,722.9,861.6,848.4,551.0625,175.54683213245315
2026-02-08 00:00:00,0,6,200.0,445.3,31.0,135.9,758.2,356.4,380.4,554.7666666666667,172.16609691671815
2026-02-08 01:00:00,1,6,175.0,415.0,37.0,107.1,445.3,430.2,306.6,554.1333333333333,172.67146907316396
2026-02-08 02:00:00,2,6,212.0,446.2,41.0,110.6,415.0,377.0,406.3,557.0166666666667,170.14429851993614
2026-02-08 03:00:00,3,6,174.0,407.7,30.0,118.8,446.2,375.9,436.5,558.3416666666666,168.79096647131152
2026-02-08 04:00:00,4,6,202.0,457.5,28.0,109.0,407.7,395.7,432.5,560.9166666666666,166.65984275885526
2026-02-08 05:00:00,5,6,165.0,365.5,34.0,115.9,457.5,415.5,356.3,558.8333333333334,168.85471930593062
2026-02-08 06:00:00,6,6,149.0,370.6,31.0,124.2,365.5,491.3,309.7,553.8041666666667,172.70710183823616
2026-02-08 07:00:00,7,6,202.0,445.4,40.0,112.3,370.6,419.3,386.3,554.8916666666667,171.90363811479386
2026-02-08 08:00:00,8,6,190.0,382.5,34.0,122.2,445.4,353.6,416.3,556.0958333333333,170.5280226344742
2026-02-08 09:00:00,9,6,186.0,410.8,30.0,100.8,382.5,452.7,415.5,554.35,171.84201288190528
2026-02-08 10:00:00,10,6,180.0,414.8,29.0,132.2,410.8,379.4,445.5,555.8249999999999,170.421098025375
2026-02-08 11:00:00,11,6,205.0,464.1,39.0,136.5,414.8,475.4,474.0,555.3541666666666,170.66838422270527
2026-02-08 12:00:00,12,6,194.0,446.4,38.0,111.5,464.1,487.4,405.9,553.6458333333334,171.5809150711909
2026-02-08 13:00:00,13,6,173.0,396.0,30.0,121.6,446.4,463.4,457.6,550.8375,173.66119641792434
2026-02-08 14:00:00,14,6,255.0,531.8,48.0,141.3,396.0,529.1,517.8,550.9499999999999,173.64737632440168
2026-02-08 15:00:00,15,6,237.0,541.5,42.0,122.7,531.8,640.5,531.3,546.8249999999999,172.6003406969297
2026-02-08 16:00:00,16,6,271.0,627.1,46.0,144.4,541.5,711.5,549.4,543.3083333333333,169.93855645795935
2026-02-08 17:00:00,17,6,340.0,802.5,45.0,150.4,627.1,717.3,696.9,546.8583333333332,174.55836925041112
2026-02-08 18:00:00,18,6,257.0,646.6,49.0,135.7,802.5,740.6,596.5,542.9416666666667,171.04140845361877
2026-02-08 19:00:00,19,6,383.0,843.0,74.0,173.1,646.6,771.8,697.2,545.9083333333333,175.73651204763118
2026-02-08 20:00:00,20,6,397.0,921.3,77.0,169.3,843.0,862.1,737.3,548.375,180.71261174439047
2026-02-08 21:00:00,21,6,347.0,864.5,82.0,138.3,921.3,898.3,731.2,546.9666666666667,177.97801688060855
2026-02-08 22:00:00,22,6,276.0,637.8,45.0,124.7,864.5,722.9,729.8,543.4208333333333,175.14570575025292
2026-02-08 23:00:00,23,6,295.0,747.5,57.0,166.4,637.8,758.2,599.2,542.975,174.58794532319365
2026-02-09 00:00:00,0,0,239.0,522.4,38.0,110.8,747.5,445.3,626.2,546.1875,173.41795532257154
2026-02-09 01:00:00,1,0,202.0,490.4,34.0,124.1,522.4,415.0,508.3,549.3291666666667,171.61158235759007
2026-02-09 02:00:00,2,0,236.0,531.0,45.0,130.5,490.4,446.2,588.0,552.8625,170.26360843907958
2026-02-09 03:00:00,3,0,247.0,584.9,46.0,123.8,531.0,407.7,605.4,560.2458333333333,167.51494931126052
2026-02-09 04:00:00,4,0,270.0,535.6,51.0,146.3,584.9,457.5,546.8,563.5,166.18553016067065
2026-02-09 05:00:00,5,0,292.0,548.5,47.5,136.2,535.6,365.5,604.0,571.125,160.81735859691116
2026-02-09 06:00:00,6,0,239.0,561.4,44.0,126.1,548.5,370.6,598.8,579.0749999999999,155.08743186260998
2026-02-09 07:00:00,7,0,262.0,582.3,57.0,137.2,561.4,445.4,546.6,584.7791666666667,152.45228185486167
2026-02-09 08:00:00,8,0,233.0,522.3,48.0,124.5,582.3,382.5,512.6,590.6041666666666,146.95925338609226
2026-02-09 09:00:00,9,0,266.0,573.3,46.0,101.6,522.3,410.8,493.7,597.375,141.97384097691977
2026-02-09 10:00:00,10,0,255.0,532.3,46.0,126.0,573.3,414.8,602.5,602.2708333333334,137.35498433262285
2026-02-09 11:00:00,11,0,251.0,530.6,47.0,138.7,532.3,464.1,501.3,605.0416666666666,135.09872048011002
2026-02-09 12:00:00,12,0,294.0,729.7,55.0,122.2,530.6,446.4,637.9,616.8458333333333,132.9950439716273
2026-02-09 13:00:00,13,0,234.0,546.5,41.0,117.3,729.7,396.0,562.3,623.1166666666667,125.4641076915672
2026-02-09 14:00:00,14,0,273.0,671.2,48.0,134.4,546.5,531.8,649.8,628.9250000000001,124.27391992656237
2026-02-09 15:00:00,15,0,292.0,708.7,52.0,142.2,671.2,541.5,740.1,635.8916666666668,123.84567155262002
2026-02-09 16:00:00,16,0,374.0,795.6,64.0,161.6,708.7,627.1,806.7,642.9125,128.0310265131097
2026-02-09 17:00:00,17,0,381.0,777.9,73.0,152.5,795.6,802.5,837.3,641.8875,126.7903003850836
2026-02-09 18:00:00,18,0,421.0,961.7,62.0,177.8,777.9,646.6,1106.0,655.0166666666667,142.6250440434863
2026-02-09 19:00:00,19,0,384.0,960.9000000000001,65.0,170.60000000000002,961.7,843.0,1030.7,659.9291666666667,151.15662329019315
2026-02-09 20:00:00,20,0,416.0,960.1,68.0,163.4,960.9000000000001,921.3,1037.4,661.5458333333333,154.24945346719431
2026-02-09 21:00:00,21,0,430.0,1024.4,64.0,139.0,960.1,864.5,903.8,668.2083333333334,166.37359457262173
2026-02-09 22:00:00,22,0,417.0,951.3,65.0,167.8,1024.4,637.8,917.0,681.2708333333334,175.91563066515565
2026-02-09 23:00:00,23,0,432.0,982.2,84.0,177.6,951.3,747.5,855.2,691.0500000000001,185.992285955045
2026-02-10 00:00:00,0,1,243.0,553.2,41.0,106.6,982.2,522.4,543.7,692.3333333333334,184.88095739095934
2026-02-10 01:00:00,1,1,258.0,591.6,56.0,146.2,553.2,490.4,497.2,696.5500000000001,181.19238874503267
2026-02-10 02:00:00,2,1,241.0,538.7,43.0,129.4,591.6,531.0,563.6,696.8708333333334,180.8930779053156
2026-02-10 03:00:00,3,1,258.0,611.8,44.0,137.6,538.7,584.9,597.5,697.9916666666667,180.25132916754671
2026-02-10 04:00:00,4,1,244.0,575.5,46.0,119.0,611.8,535.6,537.3,699.6541666666667,178.86712089818633
2026-02-10 05:00:00,5,1,255.0,632.0,48.0,118.1,575.5,548.5,549.2,703.1333333333333,176.5968478389897
2026-02-10 06:00:00,6,1,225.0,552.8,38.0,118.5,632.0,561.4,498.5,702.7750000000001,176.90539906230086
2026-02-10 07:00:00,7,1,244.0,556.7,51.0,130.0,552.8,582.3,540.4,701.7083333333334,177.73861344723474
2026-02-10 08:00:00,8,1,267.0,635.6,57.0,130.3,556.7,522.3,557.3,706.4291666666667,174.2363998289764
2026-02-10 09:00:00,9,1,259.0,589.7,42.0,142.1,635.6,573.3,570.2,707.1125000000001,173.72298617026374
2026-02-10 10:00:00,10,1,241.0,546.8,37.0,109.2,589.7,532.3,596.5,707.7166666666667,173.1127395072666
2026-02-10 11:00:00,11,1,261.0,623.8,46.0,141.5,546.8,530.6,532.6,711.6,169.98391739783398
2026-02-10 12:00:00,12,1,246.0,559.1,45.0,138.0,623.8,729.7,610.3,704.4916666666667,172.7388325633901
2026-02-10 13:00:00,13,1,320.0,741.0,52.0,171.3,559.1,546.5,574.0,712.5958333333333,169.5371486267637
2026-02-10 14:00:00,14,1,295.0,732.3,56.0,122.8,741.0,671.2,712.4,715.1416666666668,169.347150312136
2026-02-10 15:00:00,15,1,313.0,658.9,45.0,131.8,732.3,708.7,723.3,713.0666666666666,169.73416726231784
2026-02-10 16:00:00,16,1,323.0,744.7,67.0,163.0,658.9,795.6,944.6,710.9458333333333,168.97437155602688
2026-02-10 17:00:00,17,1,387.0,836.5,68.0,156.1,744.7,777.9,940.8,713.3874999999999,170.40127656314206
2026-02-10 18:00:00,18,1,437.0,1041.9,71.0,170.3,836.5,961.7,902.2,716.7291666666666,176.17124198808327
2026-02-10 19:00:00,19,1,449.0,1037.5,86.0,180.5,1041.9,960.9000000000001,944.1,719.9208333333332,181.40335785964447
2026-02-10 20:00:00,20,1,519.0,1185.1,81.0,199.4,1037.5,960.1,1175.5,729.2958333333335,199.28800980352503
2026-02-10 21:00:00,21,1,481.0,1086.5,77.0,163.6,1185.1,1024.4,1150.8,731.8833333333333,203.64173713030902
2026-02-10 22:00:00,22,1,422.0,967.6,70.0,160.3,1086.5,951.3,1065.4,732.5625,204.43098295874546
2026-02-10 23:00:00,23,1,416.0,1065.0,83.0,166.6,967.6,982.2,899.8,736.0124999999999,209.4637839662954
2026-02-11 00:00:00,0,2,272.0,606.0,54.0,124.2,1065.0,553.2,571.0,738.2125,207.730327509952
2026-02-11 01:00:00,1,2,217.0,472.6,41.0,129.8,606.0,591.6,573.3,733.2541666666666,212.741747868707
2026-02-11 02:00:00,2,2,265.0,616.1,44.0,126.4,472.6,538.7,535.7,736.4791666666666,210.2361342771449
2026-02-11 03:00:00,3,2,241.0,505.0,48.0,112.2,616.1,611.8,547.3,732.0291666666667,214.0849881607716
2026-02-11 04:00:00,4,2,260.0,594.7,45.0,91.6,505.0,575.5,603.9,732.8291666666668,213.50973397862637
2026-02-11 05:00:00,5,2,287.0,612.1,61.0,120.0,594.7,632.0,575.3,732.0,213.9565030967554
2026-02-11 06:00:00,6,2,277.0,708.0,61.0,149.9,612.1,552.8,588.7,738.4666666666667,210.62428875724035
2026-02-11 07:00:00,7,2,219.0,511.4,40.0,125.0,708.0,556.7,584.0,736.5791666666668,212.5184636053748
2026-02-11 08:00:00,8,2,257.0,630.9,42.0,147.7,511.4,635.6,639.2,736.3833333333333,212.61770278185327
2026-02-11 09:00:00,9,2,230.0,577.4,44.0,129.3,630.9,589.7,513.7,735.8708333333334,213.00112365322593
2026-02-11 10:00:00,10,2,239.0,575.4,44.0,130.8,577.4,546.8,538.6,737.0625,211.97487917716694
2026-02-11 11:00:00,11,2,254.0,595.9,45.0,145.0,575.4,623.8,619.9,735.9,212.69830235826416
2026-02-11 12:00:00,12,2,250.0,554.2,46.0,127.0,595.9,559.1,539.8,735.6958333333333,212.87766537771705
2026-02-11 13:00:00,13,2,341.0,847.3,56.0,146.9,554.2,741.0,691.2,740.125,214.09518860219464
2026-02-11 14:00:00,14,2,279.0,659.2,51.0,139.6,847.3,732.3,616.9,737.0791666666668,214.73038905074583
2026-02-11 15:00:00,15,2,353.0,767.0,72.0,141.9,659.2,658.9,813.1,741.5833333333334,214.1521800773568
2026-02-11 16:00:00,16,2,360.0,809.3,61.0,181.6,767.0,744.7,752.1,744.275,214.5985681098157
2026-02-11 17:00:00,17,2,397.0,891.7,65.0,163.3,809.3,836.5,1025.3,746.5749999999999,215.9217113557208
2026-02-11 18:00:00,18,2,413.0,886.6,79.0,170.4,891.7,1041.9,1171.8,740.1041666666666,208.89934018495782
2026-02-11 19:00:00,19,2,519.0,1062.0,102.0,209.7,886.6,1037.5,1125.9,741.125,210.46977734086582
2026-02-11 20:00:00,20,2,419.0,972.1,69.0,167.5,1062.0,1185.1,1062.2,732.25,194.84535674087505
2026-02-11 21:00:00,21,2,450.0,974.7,75.0,203.3,972.1,1086.5,992.9,727.5916666666666,187.1939866106521
2026-02-11 22:00:00,22,2,417.0,959.0,78.0,159.4,974.7,967.6,1102.1,727.2333333333332,186.72221559606143
2026-02-11 23:00:00,23,2,373.0,820.0,74.0,160.9,959.0,1065.0,885.5,717.025,173.69608203135752
2026-02-12 00:00:00,0,3,236.0,529.9,40.0,138.9,820.0,606.0,570.3,713.8541666666666,176.48321506385804
2026-02-12 01:00:00,1,3,275.0,682.1,44.0,132.0,529.9,472.6,598.0,722.5833333333334,169.05639312954602
2026-02-12 02:00:00,2,3,262.0,661.1,55.0,128.3,682.1,616.1,453.2,724.4583333333334,168.0707147153487
2026-02-12 03:00:00,3,3,255.0,610.5,50.0,127.0,661.1,505.0,592.0,728.8541666666666,163.39594210055563
2026-02-12 04:00:00,4,3,238.0,580.1,36.0,132.4,610.5,594.7,495.3,728.2458333333333,163.94338359739595
2026-02-12 05:00:00,5,3,248.0,584.7,35.0,133.9,580.1,612.1,628.7,727.1041666666666,164.8800920805582
2026-02-12 06:00:00,6,3,264.0,640.8,39.0,134.2,584.7,708.0,566.7,724.3041666666667,165.78672910429847
2026-02-12 07:00:00,7,3,241.0,529.5,35.0,120.4,640.8,511.4,532.8,725.0583333333333,164.81443298097764
2026-02-12 08:00:00,8,3,235.0,624.8,47.0,141.0,529.5,630.9,538.6,724.8041666666667,164.97058098515717
2026-02-12 09:00:00,9,3,272.0,617.4,43.0,127.1,624.8,577.4,607.5,726.4708333333333,163.61310800886167
2026-02-12 10:00:00,10,3,247.0,539.7,44.0,106.5,617.4,575.4,648.8,724.9833333333335,165.20087552843935
2026-02-12 11:00:00,11,3,294.0,726.5,44.0,155.1,539.7,595.9,599.7,730.4250000000001,162.8989664205091
2026-02-12 12:00:00,12,3,263.0,600.3,43.0,131.9,726.5,554.2,611.5,732.3458333333333,160.99127705013237
2026-02-12 13:00:00,13,3,302.0,701.4,52.0,130.0,600.3,847.3,589.0,726.2666666666668,159.20654254271838
2026-02-12 14:00:00,14,3,314.0,792.8,57.0,174.0,701.4,659.2,625.2,731.8333333333334,159.0952235138696
2026-02-12 15:00:00,15,3,315.0,748.3,58.0,158.2,792.8,767.0,717.7,731.0541666666667,158.96124214293175
2026-02-12 16:00:00,16,3,346.0,846.6,47.0,155.5,748.3,809.3,612.3,732.6083333333332,159.93884950102256
2026-02-12 17:00:00,17,3,417.0,882.4,68.0,178.7,846.6,891.7,967.1,732.2208333333333,159.54743053581373
2026-02-12 18:00:00,18,3,465.0,1095.8,92.0,163.6,882.4,886.6,1082.0,740.9375,173.4568178626717
2026-02-12 19:00:00,19,3,437.0,989.6,87.0,171.9,1095.8,1062.0,1101.3,737.9208333333335,168.17959597889327
2026-02-12 20:00:00,20,3,443.0,1025.5,87.0,184.9,989.6,972.1,1024.5,740.1458333333334,171.72826608682973
2026-02-12 21:00:00,21,3,474.0,1062.4,99.0,149.8,1025.5,974.7,1148.9,743.8000000000001,177.76332090977078
2026-02-12 22:00:00,22,3,442.0,1027.7,80.0,168.3,1062.4,959.0,814.3,746.6625,181.88468351630564
2026-02-12 23:00:00,23,3,413.0,820.6,72.0,167.2,1027.7,820.0,1022.0,746.6875,181.89524293442778
2026-02-13 00:00:00,0,4,266.0,536.7,56.0,106.7,820.6,529.9,536.0,746.9708333333333,181.54784129131588
2026-02-13 01:00:00,1,4,209.0,489.5,35.0,143.2,536.7,682.1,559.8,738.9458333333333,188.65757104425848
2026-02-13 02:00:00,2,4,235.0,466.9,48.0,146.4,489.5,661.1,506.9,730.8541666666666,196.15723280543253
2026-02-13 03:00:00,3,4,244.0,575.7,46.0,120.2,466.9,610.5,538.5,729.4041666666667,197.21136416494284
2026-02-13 04:00:00,4,4,255.0,504.6,50.0,140.1,575.7,580.1,504.5,726.2583333333333,200.2749282462949
2026-02-13 05:00:00,5,4,245.0,621.9,45.0,124.2,504.6,584.7,681.9,727.8083333333334,199.27317042009435
2026-02-13 06:00:00,6,4,224.0,433.6,38.0,138.4,621.9,640.8,669.4,719.1750000000001,207.5241824567644
2026-02-13 07:00:00,7,4,264.0,585.0,47.0,128.4,433.6,529.5,486.9,721.4875000000001,205.61916742091478
2026-02-13 08:00:00,8,4,256.0,571.4,55.0,147.3,585.0,624.8,508.2,719.2625000000002,206.99522534401126
2026-02-13 09:00:00,9,4,280.0,681.4,49.0,143.8,571.4,617.4,647.5,721.9291666666667,206.03592654040443
2026-02-13 10:00:00,10,4,291.0,622.8,52.0,152.0,681.4,539.7,575.1,725.3916666666665,203.5232983493907
2026-02-13 11:00:00,11,4,255.0,540.9,29.0,121.2,622.8,726.5,679.2,717.6583333333333,206.9762114385368
2026-02-13 12:00:00,12,4,263.0,579.6,36.0,138.9,540.9,600.3,532.9,716.7958333333332,207.52891569959567
2026-02-13 13:00:00,13,4,287.0,651.7,55.0,148.8,579.6,701.4,733.8,714.7249999999999,207.93678857642982
2026-02-13 14:00:00,14,4,303.0,732.3,56.0,156.4,651.7,792.8,656.0,712.2041666666665,207.31492003433135
2026-02-13 15:00:00,15,4,338.0,759.5,71.0,139.7,732.3,748.3,949.3,712.6708333333332,207.41228733709684
2026-02-13 16:00:00,16,4,399.0,926.3,74.0,163.1,759.5,846.6,929.7,715.9916666666667,210.26819709634063
2026-02-13 17:00:00,17,4,444.0,1055.3,80.0,156.1,926.3,882.4,970.1,723.1958333333333,218.99823799006748
2026-02-13 18:00:00,18,4,465.0,1131.3,110.0,176.2,1055.3,1095.8,957.7,724.6750000000001,221.72720068079093
2026-02-13 19:00:00,19,4,445.0,1099.3,76.0,159.8,1131.3,989.6,1013.7,729.2458333333333,228.45464772869292
2026-02-13 20:00:00,20,4,433.0,1021.2,75.0,143.8,1099.3,1025.5,1025.8,729.0666666666666,228.21376643052537
2026-02-13 21:00:00,21,4,463.0,1214.1,105.0,165.2,1021.2,1062.4,1051.5,735.3874999999999,239.66120890613152
2026-02-13 22:00:00,22,4,421.0,970.1,80.0,183.1,1214.1,1027.7,937.9,732.9875000000001,236.878936814826
2026-02-13 23:00:00,23,4,408.0,865.0,75.0,173.7,970.1,820.6,861.6,734.8375000000001,237.7646549453996
2026-02-14 00:00:00,0,5,420.0,871.2,76.0,169.8,865.0,536.7,356.4,748.7750000000001,235.43769461044005
2026-02-14 01:00:00,1,5,399.0,970.1,82.0,151.2,871.2,489.5,430.2,768.8000000000001,232.8507732619675
2026-02-14 02:00:00,2,5,345.0,788.0,68.0,167.0,970.1,466.9,377.0,782.1791666666667,223.79892757089922
2026-02-14 03:00:00,3,5,377.0,921.5,56.0,141.7,788.0,575.7,375.9,796.5875,221.04212919811306
2026-02-14 04:00:00,4,5,345.0,776.3,58.0,166.7,921.5,504.6,395.7,807.9083333333333,212.21915849396012
2026-02-14 05:00:00,5,5,349.0,715.4,50.0,157.7,776.3,621.9,415.5,811.8041666666667,209.49678523873064
2026-02-14 06:00:00,6,5,452.0,1046.6,68.0,167.3,715.4,433.6,491.3,837.3458333333333,198.45910974997872
2026-02-14 07:00:00,7,5,425.0,975.3,80.0,173.8,1046.6,585.0,419.3,853.6083333333332,192.7923075243931
2026-02-14 08:00:00,8,5,429.0,893.0,79.0,164.4,975.3,571.4,353.6,867.0083333333332,183.26564448711002
2026-02-14 09:00:00,9,5,376.0,897.9,61.0,158.9,893.0,681.4,452.7,876.0291666666667,179.01125172109727
2026-02-14 10:00:00,10,5,345.0,834.2,62.0,121.9,897.9,622.8,379.4,884.8375000000001,171.0324449578538
2026-02-14 11:00:00,11,5,388.0,991.7,71.0,161.6,834.2,540.9,475.4,903.6208333333334,155.68324860089453
2026-02-14 12:00:00,12,5,437.0,1123.1,88.0,154.2,991.7,579.6,487.4,926.2666666666668,145.7112829228226
2026-02-14 13:00:00,13,5,458.0,1091.1,79.0,202.4,1123.1,651.7,463.4,944.5749999999999,137.06066333847556
2026-02-14 14:00:00,14,5,441.0,1059.8,76.0,164.2,1091.1,732.3,529.1,958.2208333333334,131.18465240020507
2026-02-14 15:00:00,15,5,498.0,1149.8,105.0,181.9,1059.8,759.5,640.5,974.4833333333335,129.66207808281462
2026-02-14 16:00:00,16,5,588.0,1327.5,118.0,193.4,1149.8,926.3,711.5,991.1999999999999,147.77689705887082
2026-02-14 17:00:00,17,5,666.0,1666.6,144.0,210.4,1327.5,1055.3,717.3,1016.6708333333332,202.02887111621692
2026-02-14 18:00:00,18,5,760.0,1763.1,145.0,223.3,1666.6,1131.3,740.6,1042.9958333333334,252.4785664242083
2026-02-14 19:00:00,19,5,621.0,1431.3,107.0,196.7,1763.1,1099.3,771.8,1056.8291666666667,264.5062758837382
2026-02-14 20:00:00,20,5,686.0,1681.8,109.0,233.8,1431.3,1021.2,862.1,1084.3541666666667,293.4278816353596
2026-02-14 21:00:00,21,5,761.0,1770.9,141.0,223.9,1681.8,1214.1,898.3,1107.5541666666668,324.49905470374375
2026-02-14 22:00:00,22,5,645.0,1522.3,118.0,185.0,1770.9,970.1,722.9,1130.5625,333.7733477422119
2026-02-14 23:00:00,23,5,703.0,1658.0,140.0,218.9,1522.3,865.0,758.2,1163.6041666666667,345.390247438115
2026-02-15 00:00:00,0,6,204.0,482.2,33.0,129.5,1658.0,871.2,445.3,1147.3958333333333,368.0901431173415
2026-02-15 01:00:00,1,6,203.0,462.2,31.0,133.7,482.2,970.1,415.0,1126.2333333333333,392.5163642854704
2026-02-15 02:00:00,2,6,197.0,441.6,43.0,98.5,462.2,788.0,446.2,1111.8,411.40853069720714
2026-02-15 03:00:00,3,6,206.0,442.5,34.0,125.9,441.6,921.5,407.7,1091.8416666666667,432.13820647190374
2026-02-15 04:00:00,4,6,172.0,429.4,24.0,126.5,442.5,776.3,457.5,1077.3875,448.63789728514337
2026-02-15 05:00:00,5,6,194.0,432.4,34.0,120.0,429.4,715.4,365.5,1065.5958333333333,462.0833742567383
2026-02-15 06:00:00,6,6,200.0,466.1,33.0,137.4,432.4,1046.6,370.6,1041.4083333333333,478.0384557176626
2026-02-15 07:00:00,7,6,189.0,388.9,31.0,120.5,466.1,975.3,445.4,1016.975,496.2050200839588
2026-02-15 08:00:00,8,6,156.0,388.0,23.0,115.9,388.9,893.0,382.5,995.9333333333334,512.1421513490235
2026-02-15 09:00:00,9,6,171.0,363.6,24.0,104.1,388.0,897.9,410.8,973.6708333333332,527.9575275071372
2026-02-15 10:00:00,10,6,172.0,398.5,32.0,111.6,363.6,834.2,414.8,955.5166666666665,540.3082885415206
2026-02-15 11:00:00,11,6,224.0,542.3,45.0,141.2,398.5,991.7,464.1,936.7916666666665,546.7486441935971
2026-02-15 12:00:00,12,6,212.0,551.0,32.0,143.4,542.3,1123.1,446.4,912.9541666666665,550.7295880124104
2026-02-15 13:00:00,13,6,196.0,429.2,40.0,137.7,551.0,1091.1,396.0,885.375,557.9464804082919
2026-02-15 14:00:00,14,6,244.0,562.3,41.0,160.4,429.2,1059.8,531.8,864.6458333333331,560.4206083315943
2026-02-15 15:00:00,15,6,266.0,610.7,37.0,151.1,562.3,1149.8,541.5,842.1833333333333,559.2971129728015
2026-02-15 16:00:00,16,6,258.0,629.3,48.0,119.8,610.7,1327.5,627.1,813.0916666666666,551.0535458213834
2026-02-15 17:00:00,17,6,302.0,698.6,55.0,102.8,629.3,1666.6,802.5,772.7583333333333,520.4416785741723
2026-02-15 18:00:00,18,6,406.0,858.4,78.0,177.4,698.6,1763.1,646.6,735.0624999999999,476.50101036664717
2026-02-15 19:00:00,19,6,384.0,812.0,67.0,150.9,858.4,1431.3,843.0,709.2583333333333,453.36500787149384
2026-02-15 20:00:00,20,6,367.0,883.4,84.0,158.8,812.0,1681.8,921.3,675.9916666666667,405.6848218878121
2026-02-15 21:00:00,21,6,355.0,824.0,72.0,148.8,883.4,1770.9,864.5,636.5375,334.34342382399086
2026-02-15 22:00:00,22,6,310.0,741.6,52.0,139.9,824.0,1522.3,637.8,604.0083333333333,277.57760202316143
2026-02-15 23:00:00,23,6,314.0,652.3,49.0,131.7,741.6,1658.0,747.5,562.1041666666666,164.37299968475196
2026-02-16 00:00:00,0,0,257.0,636.0,44.0,163.8,652.3,482.2,522.4,568.5124999999999,164.1202404190858
2026-02-16 01:00:00,1,0,243.0,635.1,47.0,143.1,636.0,462.2,490.4,575.7166666666666,163.04192223412426
2026-02-16 02:00:00,2,0,249.0,582.8,38.0,120.0,635.1,441.6,531.0,581.6,160.5200163598765
2026-02-16 03:00:00,3,0,225.0,516.3,36.0,135.2,582.8,442.5,584.9,584.6750000000001,158.4327981250733
2026-02-16 04:00:00,4,0,229.0,536.5,34.0,140.0,516.3,429.4,535.6,589.1374999999999,155.34736060085882
2026-02-16 05:00:00,5,0,229.0,525.9,50.0,131.1,536.5,432.4,548.5,593.0333333333333,152.390022116216
2026-02-16 06:00:00,6,0,268.0,629.7,43.0,126.9,525.9,466.1,561.4,599.85,150.10716461770332
2026-02-16 07:00:00,7,0,231.0,589.2,47.0,139.6,629.7,388.9,582.3,608.1958333333333,143.28165475936115
2026-02-16 08:00:00,8,0,269.0,560.3,46.0,149.3,589.2,388.0,522.3,615.375,135.89516179761895
2026-02-16 09:00:00,9,0,242.0,590.2,48.0,153.5,560.3,363.6,573.3,624.8166666666666,125.08362999511424
2026-02-16 10:00:00,10,0,288.0,575.8,51.0,144.1,590.2,398.5,532.3,632.2041666666667,116.04527407033416
2026-02-16 11:00:00,11,0,232.0,558.3,46.0,106.7,575.8,542.3,530.6,632.8708333333333,115.55123643974832
2026-02-16 12:00:00,12,0,291.0,616.3,44.0,146.2,558.3,551.0,729.7,635.5916666666666,114.30168288413745
2026-02-16 13:00:00,13,0,250.0,571.9,53.0,132.8,616.3,429.2,546.5,641.5375,106.54714332163478
2026-02-16 14:00:00,14,0,301.0,734.8,54.0,167.6,571.9,562.3,671.2,648.725,106.78752267938874
2026-02-16 15:00:00,15,0,306.0,633.3,60.0,165.7,734.8,610.7,708.7,649.6666666666666,106.53698548092716
2026-02-16 16:00:00,16,0,343.0,820.1,58.0,158.3,633.3,629.3,795.6,657.6166666666667,111.93337174473874
2026-02-16 17:00:00,17,0,421.0,931.6,73.0,162.6,820.1,698.6,777.9,667.3249999999999,124.98591659793921
2026-02-16 18:00:00,18,0,470.0,955.6,81.0,179.0,931.6,858.4,961.7,671.375,132.77853169191843
2026-02-16 19:00:00,19,0,508.0,1225.3,85.0,200.8,955.6,812.0,960.9000000000001,688.5958333333333,172.63096220643536
2026-02-16 20:00:00,20,0,557.0,1247.3,104.0,198.8,1225.3,883.4,960.1,703.7583333333333,203.6746530017006
2026-02-16 21:00:00,21,0,506.0,1074.6,89.0,206.3,1247.3,824.0,1024.4,714.1999999999999,216.14871893132508
2026-02-16 22:00:00,22,0,450.0,1128.4,100.0,153.5,1074.6,741.6,951.3,730.3166666666667,232.11158610848761
2026-02-16 23:00:00,23,0,496.0,1099.2,101.0,196.5,1128.4,652.3,982.2,748.9375,243.2398884131016
2026-02-17 00:00:00,0,1,275.0,583.1,53.0,138.8,1099.2,636.0,553.2,746.7333333333332,244.5439760695094
2026-02-17 01:00:00,1,1,252.0,573.5,46.0,142.8,583.1,635.1,591.6,744.1666666666666,246.08500416596507
2026-02-17 02:00:00,2,1,272.0,585.7,54.0,126.5,573.5,582.8,538.7,744.2875,246.00302280309808
2026-02-17 03:00:00,3,1,246.0,630.3,43.0,140.9,585.7,516.3,611.8,749.0375,242.4849216513505
2026-02-17 04:00:00,4,1,279.0,647.7,55.0,122.2,630.3,536.5,575.5,753.6708333333335,239.2885677953231
2026-02-17 05:00:00,5,1,262.0,588.8,44.0,138.0,647.7,525.9,632.0,756.2916666666666,237.0191166692412
2026-02-17 06:00:00,6,1,228.0,582.2,38.0,130.0,588.8,629.7,552.8,754.3125,238.316912338429
2026-02-17 07:00:00,7,1,264.0,644.7,50.0,135.4,582.2,589.2,556.7,756.625,236.910209096007
2026-02-17 08:00:00,8,1,250.0,578.7,43.0,124.2,644.7,560.3,635.6,757.3916666666665,236.27618128067928
2026-02-17 09:00:00,9,1,278.0,599.6,51.0,154.3,578.7,590.2,589.7,757.7833333333333,235.9946069145529
2026-02-17 10:00:00,10,1,256.0,582.3,45.0,113.7,599.6,575.8,546.8,758.0541666666667,235.78031038340217
2026-02-17 11:00:00,11,1,250.0,555.15,45.0,111.0,582.3,558.3,623.8,757.9229166666668,235.89718835486912
2026-02-17 12:00:00,12,1,240.0,528.0,45.0,108.3,555.15,616.3,559.1,754.2437500000001,238.8718727470328
2026-02-17 13:00:00,13,1,260.0,655.4,59.0,126.8,528.0,571.9,741.0,757.7229166666666,236.69877021556044
2026-02-17 14:00:00,14,1,301.0,682.4,57.0,142.3,655.4,734.8,732.3,755.5395833333333,237.1606275424766
2026-02-17 15:00:00,15,1,305.0,697.7,60.0,144.6,682.4,633.3,658.9,758.2229166666667,236.0792838356244
2026-02-17 16:00:00,16,1,351.0,869.3,53.0,145.8,697.7,820.1,744.7,760.2729166666667,236.85230537338902
2026-02-17 17:00:00,17,1,419.0,943.1,65.0,135.4,869.3,931.6,836.5,760.7520833333333,237.22531918134104
2026-02-17 18:00:00,18,1,451.0,904.8,95.0,170.2,943.1,955.6,1041.9,758.6354166666666,235.63246642727776
2026-02-17 19:00:00,19,1,420.0,977.6,74.0,151.0,904.8,1225.3,1037.5,748.3145833333333,219.1519571474522
2026-02-17 20:00:00,20,1,489.0,999.7,90.0,179.4,977.6,1247.3,1185.1,737.9979166666667,199.59612726005216
2026-02-17 21:00:00,21,1,441.0,1093.5,74.0,198.7,999.7,1074.6,1086.5,738.7854166666667,201.0141685895118
2026-02-17 22:00:00,22,1,397.0,962.6,74.0,151.6,1093.5,1128.4,967.6,731.8770833333333,189.56495386701167
2026-02-17 23:00:00,23,1,404.0,856.8,64.0,147.5,962.6,1099.2,1065.0,721.7770833333333,175.04451854809028
2026-02-18 00:00:00,0,2,518.0,1211.1,99.0,170.2,856.8,583.1,606.0,747.94375,198.7467622446166
2026-02-18 01:00:00,1,2,466.0,1070.5,73.0,168.1,1211.1,573.5,472.6,768.6520833333334,205.55610758388318
2026-02-18 02:00:00,2,2,459.0,1200.2,97.0,189.1,1070.5,585.7,616.1,794.2562499999999,219.5701914672821
2026-02-18 03:00:00,3,2,524.0,1207.4,102.0,207.4,1200.2,630.3,505.0,818.3020833333334,232.07793316187775
2026-02-18 04:00:00,4,2,548.0,1242.7,102.0,174.3,1207.4,647.7,594.7,843.09375,244.50849736834633
2026-02-18 05:00:00,5,2,485.0,1130.6,90.0,178.1,1242.7,588.8,612.1,865.6687499999999,245.02038238752007
2026-02-18 06:00:00,6,2,448.0,1006.6,93.0,174.4,1130.6,582.2,708.0,883.3520833333333,238.9112075733725
2026-02-18 07:00:00,7,2,477.0,1115.6,84.0,177.1,1006.6,644.7,511.4,902.9729166666666,237.79346399178115
2026-02-18 08:00:00,8,2,472.0,1039.8,89.0,166.6,1115.6,578.7,630.9,922.1854166666667,228.91631918918213
2026-02-18 09:00:00,9,2,547.0,1360.7,98.0,172.5,1039.8,599.6,577.4,953.8979166666667,234.9244996566972
2026-02-18 10:00:00,10,2,511.0,1189.1,85.0,195.3,1360.7,582.3,575.4,979.18125,225.66347145815087
2026-02-18 11:00:00,11,2,548.0,1085.6,113.0,198.4,1189.1,555.15,595.9,1001.2833333333333,207.57926231906612
2026-02-18 12:00:00,12,2,534.0,1236.0,93.0,217.9,1085.6,528.0,554.2,1030.7833333333333,186.64768640564438
2026-02-18 13:00:00,13,2,613.0,1425.2,102.0,208.8,1236.0,655.4,847.3,1062.8583333333333,185.47468810470127
2026-02-18 14:00:00,14,2,631.0,1471.9,115.0,226.6,1425.2,682.4,659.2,1095.7541666666666,185.0751973591711
2026-02-18 15:00:00,15,2,631.0,1584.7,106.0,184.8,1471.9,697.7,767.0,1132.7124999999999,190.61159304243205
2026-02-18 16:00:00,16,2,683.0,1435.6,120.0,202.9,1584.7,869.3,809.3,1156.3083333333332,191.6344230597651
2026-02-18 17:00:00,17,2,858.0,1862.6,163.0,262.0,1435.6,943.1,891.7,1194.6208333333334,234.3175177239604
2026-02-18 18:00:00,18,2,929.0,2024.4,179.0,280.0,1862.6,904.8,886.6,1241.2708333333333,280.9236388263701
2026-02-18 19:00:00,19,2,908.0,2090.1,174.0,253.1,2024.4,977.6,1062.0,1287.625,324.0058859502929
2026-02-18 20:00:00,20,2,887.0,2049.4,169.0,248.2,2090.1,999.7,972.1,1331.3625,353.0010971931455
2026-02-18 21:00:00,21,2,843.0,2181.9,145.0,246.3,2049.4,1093.5,974.7,1376.7124999999999,389.1742286839384
2026-02-18 22:00:00,22,2,804.0,1788.9,144.0,243.5,2181.9,962.6,959.0,1411.1416666666667,387.492602921449
2026-02-18 23:00:00,23,2,723.0,1773.2,158.0,245.9,1788.9,856.8,820.0,1449.3249999999998,375.4569531859162
2026-02-19 00:00:00,0,3,227.0,495.9,43.0,127.2,1773.2,1211.1,529.9,1419.5249999999999,420.82823951573425
2026-02-19 01:00:00,1,3,253.0,611.4,41.0,153.7,495.9,1070.5,682.1,1400.3958333333333,447.00368297205216
2026-02-19 02:00:00,2,3,242.0,582.6,42.0,112.4,611.4,1200.2,661.1,1374.6625000000001,475.8745485145348
2026-02-19 03:00:00,3,3,286.0,737.9,58.0,131.3,582.6,1207.4,610.5,1355.1000000000001,492.4122795417247
2026-02-19 04:00:00,4,3,245.0,524.8,44.0,145.4,737.9,1242.7,580.1,1325.1875,520.53888324254
2026-02-19 05:00:00,5,3,283.0,606.7,53.0,150.3,524.8,1130.6,584.7,1303.3583333333333,539.6867230699404
2026-02-19 06:00:00,6,3,292.0,580.4,55.0,130.3,606.7,1006.6,640.8,1285.6,556.6223878076547
2026-02-19 07:00:00,7,3,272.0,637.5,46.0,147.1,580.4,1115.6,529.5,1265.6791666666666,571.3319510081272
2026-02-19 08:00:00,8,3,228.0,539.8,40.0,147.7,637.5,1039.8,624.8,1244.8458333333333,588.7764416506092
2026-02-19 09:00:00,9,3,265.0,583.9,43.0,154.5,539.8,1360.7,617.4,1212.4791666666667,603.3029320399253
2026-02-19 10:00:00,10,3,262.0,589.6,51.0,121.8,583.9,1189.1,539.7,1187.5,616.5778169443221
2026-02-19 11:00:00,11,3,269.0,592.1,42.0,145.3,589.6,1085.6,726.5,1166.9375,628.2424987441241
2026-02-19 12:00:00,12,3,275.0,575.6,58.0,142.2,592.1,1236.0,600.3,1139.4208333333333,639.4487115981178
2026-02-19 13:00:00,13,3,277.0,615.6,52.0,152.9,575.6,1425.2,701.4,1105.6875,645.0475239064376
2026-02-19 14:00:00,14,3,292.0,644.1,61.0,131.9,615.6,1471.9,792.8,1071.1958333333334,646.7438277073361
2026-02-19 15:00:00,15,3,361.0,841.2,61.0,157.5,644.1,1584.7,748.3,1040.2166666666667,638.8359949202905
2026-02-19 16:00:00,16,3,397.0,868.0,74.0,151.0,841.2,1435.6,846.6,1016.5666666666667,634.0508042096004
2026-02-19 17:00:00,17,3,460.0,1016.3,84.0,191.1,868.0,1862.6,882.4,981.3041666666667,607.9493231734878
2026-02-19 18:00:00,18,3,518.0,1169.1,81.0,176.6,1016.3,2024.4,1095.8,945.6666666666666,567.8943691328117
2026-02-19 19:00:00,19,3,503.0,1385.3,78.0,189.0,1169.1,2090.1,989.6,916.3000000000001,522.5541170227175
2026-02-19 20:00:00,20,3,497.0,1195.5,75.0,172.1,1385.3,2049.4,1025.5,880.7208333333334,468.3040864365686
2026-02-19 21:00:00,21,3,505.0,1107.6,105.0,194.8,1195.5,2181.9,1062.4,835.9583333333334,381.89567653172503
2026-02-19 22:00:00,22,3,475.0,1066.3,71.0,158.4,1107.6,1788.9,1027.7,805.8499999999999,328.2113754221852
2026-02-19 23:00:00,23,3,460.0,1121.1,81.0,173.7,1066.3,1773.2,820.6,778.6791666666668,265.68375280326063
2026-02-20 00:00:00,0,4,269.0,629.6,46.0,126.5,1121.1,495.9,536.7,784.25,260.85448383942213
2026-02-20 01:00:00,1,4,281.0,665.7,45.0,137.9,629.6,611.4,489.5,786.5124999999999,259.5221818658969
2026-02-20 02:00:00,2,4,259.0,550.0,53.0,130.4,665.7,582.6,466.9,785.1541666666667,260.71841545199294
2026-02-20 03:00:00,3,4,259.0,548.4,48.0,139.2,550.0,737.9,575.7,777.2583333333332,265.0453151028554
2026-02-20 04:00:00,4,4,293.0,657.5,45.0,138.5,548.4,524.8,504.6,782.7874999999999,260.90149450886133
2026-02-20 05:00:00,5,4,320.0,809.8,46.0,149.3,657.5,606.7,621.9,791.25,258.22173653159444
2026-02-20 06:00:00,6,4,267.0,625.1,44.0,131.3,809.8,580.4,433.6,793.1125000000001,256.7920446290801
2026-02-20 07:00:00,7,4,242.0,576.3,42.0,137.6,625.1,637.5,585.0,790.5625,258.7012626857826
2026-02-20 08:00:00,8,4,291.0,668.7,58.0,142.4,576.3,539.8,571.4,795.9333333333334,254.57400336327876
2026-02-20 09:00:00,9,4,254.0,619.1,50.0,110.6,668.7,583.9,681.4,797.4,253.39799422699014
2026-02-20 10:00:00,10,4,253.0,586.8,48.0,126.6,619.1,589.6,622.8,797.2833333333334,253.49845152887443
2026-02-20 11:00:00,11,4,257.0,585.5,44.0,115.8,586.8,592.1,540.9,797.0083333333332,253.73418634240332
2026-02-20 12:00:00,12,4,290.0,668.8,50.0,155.4,585.5,575.6,579.6,800.8916666666668,250.89558354140186
2026-02-20 13:00:00,13,4,311.0,766.9,58.0,137.6,668.8,615.6,651.7,807.1958333333332,247.9205929661098
2026-02-20 14:00:00,14,4,363.0,831.8,58.0,155.0,766.9,644.1,732.3,815.0166666666665,245.50067859052166
2026-02-20 15:00:00,15,4,355.0,797.9,70.0,173.0,831.8,841.2,759.5,813.2125,245.45899385242396
2026-02-20 16:00:00,16,4,398.0,1045.3,69.0,145.2,797.9,868.0,926.3,820.5999999999999,249.809130616019
2026-02-20 17:00:00,17,4,450.0,955.2,72.0,177.1,1045.3,1016.3,1055.3,818.0541666666667,248.03304124068282
2026-02-20 18:00:00,18,4,486.0,1244.9,84.0,171.2,955.2,1169.1,1131.3,821.2125000000001,253.12771705466227
2026-02-20 19:00:00,19,4,526.0,1168.3,100.0,181.8,1244.9,1385.3,1099.3,812.1708333333332,235.35419464799568
2026-02-20 20:00:00,20,4,452.0,1191.9,78.0,207.0,1168.3,1195.5,1021.2,812.0208333333334,235.1002727407063
2026-02-20 21:00:00,21,4,526.0,1228.5,104.0,197.9,1191.9,1107.6,1214.1,817.0583333333334,242.87570611979547
2026-02-20 22:00:00,22,4,487.0,1138.4,87.0,161.6,1228.5,1066.3,970.1,820.0625,246.51135049711985
2026-02-20 23:00:00,23,4,415.0,1011.4,93.0,172.4,1138.4,1121.1,865.0,815.4916666666668,241.6560166069111
2026-02-21 00:00:00,0,5,216.0,518.8,42.0,121.6,1011.4,629.6,871.2,810.875,246.37407092891863
2026-02-21 01:00:00,1,5,212.0,490.3,37.0,134.9,518.8,665.7,970.1,803.5666666666666,253.36988542559791
2026-02-21 02:00:00,2,5,222.0,522.3,39.0,129.8,490.3,550.0,788.0,802.4124999999999,254.63510006435388
2026-02-21 03:00:00,3,5,194.0,459.7,38.0,120.6,522.3,548.4,921.5,798.7166666666667,259.08698164510685
2026-02-21 04:00:00,4,5,216.0,510.6,42.0,145.6,459.7,657.5,776.3,792.5958333333334,264.25197046555485
2026-02-21 05:00:00,5,5,191.0,432.8,31.0,133.8,510.6,809.8,715.4,776.8874999999999,274.2027499822478
2026-02-21 06:00:00,6,5,214.0,498.4,37.0,126.5,432.8,625.1,1046.6,771.6083333333332,278.4390791485679
2026-02-21 07:00:00,7,5,174.0,378.9,33.0,105.8,498.4,576.3,975.3,763.3833333333333,287.2358713620262
2026-02-21 08:00:00,8,5,194.0,446.2,36.0,115.6,378.9,668.7,893.0,754.1125000000001,293.9372771195172
2026-02-21 09:00:00,9,5,205.0,445.9,29.0,124.5,446.2,619.1,897.9,746.8958333333334,299.47029101277553
2026-02-21 10:00:00,10,5,185.0,420.0,27.0,130.9,445.9,586.8,834.2,739.9458333333332,305.22745756476496
2026-02-21 11:00:00,11,5,195.0,456.8,39.0,128.0,420.0,585.5,991.7,734.5833333333334,309.1640420998816
2026-02-21 12:00:00,12,5,210.0,468.2,33.0,119.3,456.8,668.8,1123.1,726.2249999999999,313.69822559130233
2026-02-21 13:00:00,13,5,215.0,488.2,39.0,144.1,468.2,766.9,1091.1,714.6125000000001,317.2652371542192
2026-02-21 14:00:00,14,5,207.0,499.45,41.0,128.25,488.2,831.8,1059.8,700.7645833333332,319.1752920585954
2026-02-21 15:00:00,15,5,231.0,510.7,43.0,112.4,499.45,797.9,1149.8,688.7979166666668,320.75511262968365
2026-02-21 16:00:00,16,5,343.0,789.4,54.0,156.5,510.7,1045.3,1327.5,678.1354166666667,312.537085270509
2026-02-21 17:00:00,17,5,289.0,685.5,46.0,139.4,789.4,955.2,1666.6,666.8979166666667,306.94041217459005
2026-02-21 18:00:00,18,5,368.0,808.5,81.0,130.5,685.5,1244.9,1763.1,648.7145833333334,283.2202336633844
2026-02-21 19:00:00,19,5,388.0,887.1,58.0,161.2,808.5,1168.3,1431.3,636.9979166666666,266.08914756523666
2026-02-21 20:00:00,20,5,360.0,796.9,66.0,146.3,887.1,1191.9,1681.8,620.5395833333333,241.33958619554696
2026-02-21 21:00:00,21,5,356.0,818.7,56.0,137.8,796.9,1228.5,1770.9,603.4645833333333,208.75246964390433
2026-02-21 22:00:00,22,5,332.0,733.6,62.0,131.5,818.7,1138.4,1522.3,586.5979166666667,177.6949452922881
2026-02-21 23:00:00,23,5,343.0,707.9,72.0,148.7,733.6,1011.4,1658.0,573.9520833333333,155.57127925891524
2026-02-22 00:00:00,0,6,195.0,476.9,37.0,129.9,707.9,518.8,482.2,572.20625,156.44973238580096
2026-02-22 01:00:00,1,6,186.0,430.9,37.0,114.5,476.9,490.3,462.2,569.73125,158.2611681700387
2026-02-22 02:00:00,2,6,185.0,438.0,30.0,118.6,430.9,522.3,441.6,566.21875,160.282228538687
2026-02-22 03:00:00,3,6,210.0,527.4,46.0,117.6,438.0,459.7,442.5,569.0395833333333,158.91599023381679
2026-02-22 04:00:00,4,6,169.0,403.5,29.0,136.0,527.4,510.6,429.4,564.5770833333333,162.10020383216474
2026-02-22 05:00:00,5,6,199.0,477.4,33.0,115.3,403.5,432.8,432.4,566.4354166666667,160.77403970572772
2026-02-22 06:00:00,6,6,181.0,401.3,29.0,103.3,477.4,498.4,466.1,562.3895833333332,163.7546879376581
2026-02-22 07:00:00,7,6,191.0,450.2,29.0,127.3,401.3,378.9,388.9,565.3604166666667,160.90302303424812
2026-02-22 08:00:00,8,6,189.0,475.9,35.0,129.5,450.2,446.2,388.0,566.5979166666667,160.05871373748732
2026-02-22 09:00:00,9,6,167.0,394.6,26.0,94.4,475.9,445.9,363.6,564.4604166666667,162.0705502438441
2026-02-22 10:00:00,10,6,210.0,438.8,36.0,101.8,394.6,420.0,398.5,565.24375,161.38596142848817
2026-02-22 11:00:00,11,6,208.0,456.5,33.0,117.6,438.8,456.8,542.3,565.2312499999999,161.39473740983246
2026-02-22 12:00:00,12,6,180.0,402.8,28.0,138.2,456.5,468.2,551.0,562.50625,163.6407307597616
2026-02-22 13:00:00,13,6,220.0,540.2,33.0,121.2,402.8,488.2,429.2,564.6729166666667,162.95693281353383
2026-02-22 14:00:00,14,6,241.0,571.2,38.0,122.4,540.2,499.45,562.3,567.6625,162.36542203234328
2026-02-22 15:00:00,15,6,271.0,583.9,53.0,121.1,571.2,510.7,610.7,570.7125,161.935825486792
2026-02-22 16:00:00,16,6,296.0,718.6,41.0,131.2,583.9,789.4,629.3,567.7624999999999,158.38471273536052
2026-02-22 17:00:00,17,6,296.0,673.8,48.0,116.5,718.6,685.5,698.6,567.275,158.0241622966786
2026-02-22 18:00:00,18,6,353.0,852.1,71.0,162.2,673.8,808.5,858.4,569.0916666666666,161.13782897736345
2026-02-22 19:00:00,19,6,394.0,852.2,67.0,145.7,852.1,887.1,812.0,567.6375,158.27527976530135
2026-02-22 20:00:00,20,6,328.0,673.7,67.0,124.6,852.2,796.9,883.4,562.5041666666666,152.40535332138538
2026-02-22 21:00:00,21,6,412.0,831.1,69.0,175.9,673.7,818.7,824.0,563.0208333333334,153.32985465887575
2026-02-22 22:00:00,22,6,368.0,817.3,65.0,164.6,831.1,733.6,741.6,566.5083333333333,158.2512804170159
2026-02-22 23:00:00,23,6,300.0,693.8,37.0,122.3,817.3,707.9,652.3,565.9208333333333,157.72885920263332
2026-02-23 00:00:00,0,0,257.0,518.8,39.0,127.9,693.8,476.9,636.0,567.6666666666666,156.9305514264711
2026-02-23 01:00:00,1,0,291.0,751.8,53.0,144.0,518.8,430.9,635.1,581.0375,158.43457245816566
2026-02-23 02:00:00,2,0,246.0,533.1,42.0,117.9,751.8,438.0,582.8,585.0,155.87010478349953
2026-02-23 03:00:00,3,0,277.0,642.5,58.0,125.9,533.1,527.4,516.3,589.7958333333333,155.79149242600042
2026-02-23 04:00:00,4,0,272.0,640.5,46.0,145.5,642.5,403.5,536.5,599.6708333333333,150.90410856529297
2026-02-23 05:00:00,5,0,272.0,608.3,44.0,140.8,640.5,477.4,525.9,605.125,148.64131104046322
2026-02-23 06:00:00,6,0,248.0,579.0,45.0,129.5,608.3,401.3,629.7,612.5291666666667,142.33910361059705
2026-02-23 07:00:00,7,0,280.0,674.3,41.0,143.5,579.0,450.2,589.2,621.8666666666667,138.52672216444293
2026-02-23 08:00:00,8,0,232.0,463.6,45.0,108.1,674.3,475.9,560.3,621.3541666666666,139.11174419577227
2026-02-23 09:00:00,9,0,256.0,551.8,38.0,123.9,463.6,394.6,590.2,627.9041666666667,131.46142591507495
2026-02-23 10:00:00,10,0,251.0,528.1,45.0,121.5,551.8,438.8,575.8,631.625,127.06668310978797
2026-02-23 11:00:00,11,0,276.0,645.4,48.0,101.3,528.1,456.5,558.3,639.4958333333334,121.47478707505125
2026-02-23 12:00:00,12,0,275.0,554.0,51.0,129.9,645.4,402.8,616.3,645.7958333333332,112.23479069680266
2026-02-23 13:00:00,13,0,325.0,785.8,49.0,152.0,554.0,540.2,571.9,656.0291666666667,113.3789892320301
2026-02-23 14:00:00,14,0,315.0,701.4,62.0,135.4,785.8,571.2,734.8,661.4541666666667,112.2529131186563
2026-02-23 15:00:00,15,0,352.0,770.0,50.0,164.1,701.4,583.9,633.3,669.2083333333334,113.08730339170341
2026-02-23 16:00:00,16,0,452.0,1189.6,92.0,152.8,770.0,718.6,820.1,688.8333333333334,155.09682155986403
2026-02-23 17:00:00,17,0,405.0,872.1,81.0,175.7,1189.6,673.8,931.6,697.0958333333333,159.48119278288124
2026-02-23 18:00:00,18,0,425.0,1011.9,56.0,178.0,872.1,852.1,955.6,703.7541666666666,169.26941987147123
2026-02-23 19:00:00,19,0,505.0,1228.0,86.0,188.5,1011.9,852.2,1225.3,719.4124999999999,198.46281726549606
2026-02-23 20:00:00,20,0,547.0,1349.3,98.0,194.1,1228.0,673.7,1247.3,747.5625,236.0510958181672
2026-02-23 21:00:00,21,0,492.0,1205.6,109.0,169.1,1349.3,831.1,1074.6,763.1666666666666,253.54348167809448
2026-02-23 22:00:00,22,0,484.0,1097.3,85.0,187.7,1205.6,817.3,1128.4,774.8333333333334,262.4290242210722
2026-02-23 23:00:00,23,0,382.0,843.7,72.0,168.7,1097.3,693.8,1099.2,781.0791666666665,262.20028849380157
2026-02-24 00:00:00,0,1,280.0,738.0,48.0,136.8,843.7,518.8,583.1,790.2125,256.4210384648501
2026-02-24 01:00:00,1,1,259.0,526.9,44.0,132.4,738.0,751.8,573.5,780.8416666666667,261.93599270692675
2026-02-24 02:00:00,2,1,280.0,614.2,50.0,171.9,526.9,533.1,585.7,784.2208333333333,259.1088523636143
2026-02-24 03:00:00,3,1,270.0,594.6,44.0,139.5,614.2,642.5,630.3,782.225,260.42906110794564
2026-02-24 04:00:00,4,1,281.0,655.9,46.0,131.6,594.6,640.5,647.7,782.8666666666667,260.0834275292511
2026-02-24 05:00:00,5,1,243.0,523.3,45.0,134.6,655.9,608.3,588.8,779.3250000000002,263.124887276648
2026-02-24 06:00:00,6,1,235.0,515.7,51.0,133.9,523.3,579.0,582.2,776.6875,265.52649308987907
2026-02-24 07:00:00,7,1,269.0,688.5,50.0,140.3,515.7,674.3,644.7,777.2791666666666,265.3041535576261
2026-02-24 08:00:00,8,1,251.0,543.5,47.0,120.7,688.5,463.6,578.7,780.6083333333332,261.67328104813004
2026-02-24 09:00:00,9,1,289.0,692.4,56.0,150.1,543.5,551.8,599.6,786.4666666666667,257.87430484918445
2026-02-24 10:00:00,10,1,279.0,574.3,51.0,147.8,692.4,528.1,582.3,788.3916666666665,256.02760027280283
2026-02-24 11:00:00,11,1,267.0,633.9,43.0,137.6,574.3,645.4,555.15,787.9125,256.31744806934904
2026-02-24 12:00:00,12,1,295.0,648.5,47.0,140.2,633.9,554.0,528.0,791.85,253.2756944345532
2026-02-24 13:00:00,13,1,314.0,672.4,52.0,132.2,648.5,785.8,655.4,787.125,254.44852259774424
2026-02-24 14:00:00,14,1,328.0,735.9,53.0,137.6,672.4,701.4,682.4,788.5625,254.0402909031848
2026-02-24 15:00:00,15,1,342.0,697.8,68.0,174.2,735.9,770.0,697.7,785.5541666666667,254.69631188188168
2026-02-24 16:00:00,16,1,433.0,1071.3,70.0,176.1,697.8,1189.6,869.3,780.625,247.58216773953973
2026-02-24 17:00:00,17,1,430.0,1025.1,72.0,174.5,1071.3,872.1,943.1,787.0,251.9708713323841
2026-02-24 18:00:00,18,1,491.0,1156.9,92.0,171.5,1025.1,1011.9,904.8,793.0416666666666,259.23166727628285
2026-02-24 19:00:00,19,1,462.0,1096.0,88.0,178.5,1156.9,1228.0,977.6,787.5416666666666,250.86747916270483
2026-02-24 20:00:00,20,1,505.0,1028.2,93.0,174.2,1096.0,1349.3,999.7,774.1624999999999,227.03584051958785
2026-02-24 21:00:00,21,1,462.0,1057.7,88.0,183.6,1028.2,1205.6,1093.5,768.0,216.58265216169158
2026-02-24 22:00:00,22,1,460.0,1128.6,84.0,197.2,1057.7,1097.3,962.6,769.3041666666667,218.7353065458595
2026-02-24 23:00:00,23,1,485.0,1171.0,90.0,182.0,1128.6,843.7,856.8,782.9416666666666,233.29393088635354
2026-02-25 00:00:00,0,2,261.0,620.6,48.0,141.8,1171.0,738.0,1211.1,778.0500000000001,235.49763406916605
2026-02-25 01:00:00,1,2,241.0,577.9,43.0,133.7,620.6,526.9,1070.5,780.1749999999998,233.35319796394674
2026-02-25 02:00:00,2,2,265.0,606.0,53.0,155.3,577.9,614.2,1200.2,779.8333333333334,233.61263676858735
2026-02-25 03:00:00,3,2,303.0,643.4,45.0,132.6,606.0,594.6,1207.4,781.8666666666667,232.1380130470884
2026-02-25 04:00:00,4,2,289.0,718.6,56.0,130.6,643.4,655.9,1242.7,784.4791666666666,231.00880649346925
2026-02-25 05:00:00,5,2,260.0,594.5,49.0,122.8,718.6,523.3,1130.6,787.4458333333332,227.94572958065885
2026-02-25 06:00:00,6,2,257.0,567.8,44.0,140.3,594.5,515.7,1006.6,789.6166666666667,225.47999750612732
2026-02-25 07:00:00,7,2,270.0,661.9,58.0,122.6,567.8,688.5,1115.6,788.5083333333333,226.06326147431975
2026-02-25 08:00:00,8,2,252.0,587.6,45.0,130.6,661.9,543.5,1039.8,790.3458333333333,224.15637006954427
2026-02-25 09:00:00,9,2,284.0,603.8,54.0,128.5,587.6,692.4,1360.7,786.6541666666667,226.55632561801735
2026-02-25 10:00:00,10,2,293.0,742.2,55.0,125.7,603.8,574.3,1189.1,793.65,222.26560296381982
2026-02-25 11:00:00,11,2,301.0,609.1,47.0,161.3,742.2,633.9,1085.6,792.6166666666667,223.0966814530489
2026-02-25 12:00:00,12,2,308.0,787.2,51.0,120.9,609.1,648.5,1236.0,798.3958333333334,220.98761814452234
2026-02-25 13:00:00,13,2,310.0,794.8,55.0,141.0,787.2,672.4,1425.2,803.4958333333334,219.35982644993524
2026-02-25 14:00:00,14,2,344.0,760.7,66.0,146.5,794.8,735.9,1471.9,804.5291666666667,219.0858010980045
2026-02-25 15:00:00,15,2,384.0,847.7,83.0,159.7,760.7,697.8,1584.7,810.775,218.04505766908312
2026-02-25 16:00:00,16,2,370.0,863.4,57.0,157.5,847.7,1071.3,1435.6,802.1125000000001,211.26935890201958
2026-02-25 17:00:00,17,2,440.0,994.5,91.0,169.0,863.4,1025.1,1862.6,800.8375,209.9533671049275
2026-02-25 18:00:00,18,2,488.0,1097.3,77.0,191.2,994.5,1156.9,2024.4,798.3541666666666,205.87153862704645
2026-02-25 19:00:00,19,2,592.0,1468.7,112.0,185.2,1097.3,1096.0,2090.1,813.8833333333333,240.45191631170616
2026-02-25 20:00:00,20,2,446.0,908.9,90.0,191.0,1468.7,1028.2,2049.4,808.9125,237.03763838443533
2026-02-25 21:00:00,21,2,471.0,1163.4,81.0,173.9,908.9,1057.7,2181.9,813.3166666666666,242.7736477832216
2026-02-25 22:00:00,22,2,456.0,982.4,70.0,179.3,1163.4,1128.6,1788.9,807.225,236.26560265938159
2026-02-25 23:00:00,23,2,444.0,976.3,73.0,187.5,982.4,1171.0,1773.2,799.1125000000001,226.36711297570886
2026-02-26 00:00:00,0,3,229.0,539.4,40.0,134.3,976.3,620.6,495.9,795.7291666666666,229.7329971551429
2026-02-26 01:00:00,1,3,280.0,561.5,51.0,120.0,539.4,577.9,611.4,795.0458333333335,230.432419554812
2026-02-26 02:00:00,2,3,283.0,722.9,44.0,158.0,561.5,606.0,582.6,799.9166666666666,227.47924829706534
2026-02-26 03:00:00,3,3,266.0,567.9,49.0,141.3,722.9,643.4,737.9,796.7708333333334,230.24309927659846
2026-02-26 04:00:00,4,3,282.0,615.1,53.0,147.3,567.9,718.6,524.8,792.4583333333334,232.726805534931
2026-02-26 05:00:00,5,3,235.0,497.4,40.0,107.3,615.1,594.5,606.7,788.4125,237.12037726694484
2026-02-26 06:00:00,6,3,242.0,548.5,43.0,136.6,497.4,567.8,580.4,787.6083333333335,237.93242540261693
2026-02-26 07:00:00,7,3,287.0,650.3,58.0,126.9,548.5,661.9,637.5,787.125,238.21051020875194
2026-02-26 08:00:00,8,3,289.0,612.6,53.0,134.9,650.3,587.6,539.8,788.1666666666666,237.35319429192555
2026-02-26 09:00:00,9,3,254.0,599.0,48.0,131.5,612.6,603.8,583.9,787.9666666666666,237.51726649668825
2026-02-26 10:00:00,10,3,298.0,612.8,51.0,149.9,599.0,742.2,589.6,782.5750000000002,240.05646844748662
2026-02-26 11:00:00,11,3,280.0,614.5,50.0,142.4,612.8,609.1,592.1,782.8000000000001,239.88927699543424
2026-02-26 12:00:00,12,3,263.0,652.3,42.0,125.8,614.5,787.2,575.6,777.1791666666667,241.35762204872546
2026-02-26 13:00:00,13,3,302.0,757.1,49.0,130.1,652.3,794.8,615.6,775.6083333333332,241.36063566637435
2026-02-26 14:00:00,14,3,343.0,844.5,62.0,140.6,757.1,760.7,644.1,779.0999999999999,241.74143570999848
2026-02-26 15:00:00,15,3,309.0,709.3,58.0,132.6,844.5,847.7,841.2,773.3333333333334,241.68459263850792
2026-02-26 16:00:00,16,3,337.0,846.1,52.0,122.7,709.3,863.4,868.0,772.6125000000001,241.4299507958888
2026-02-26 17:00:00,17,3,467.0,1035.2,94.0,170.0,846.1,994.5,1016.3,774.3083333333334,243.1927843549635
2026-02-26 18:00:00,18,3,558.0,1218.5,104.0,205.8,1035.2,1097.3,1169.1,779.3583333333335,251.31422893793257
2026-02-26 19:00:00,19,3,516.0,1257.5,82.0,193.4,1218.5,1468.7,1385.3,770.5583333333334,228.8175956989546
2026-02-26 20:00:00,20,3,509.0,1109.8,79.0,188.8,1257.5,908.9,1195.5,778.9291666666667,237.6046322911925
2026-02-26 21:00:00,21,3,580.0,1216.1,115.0,183.6,1109.8,1163.4,1107.6,781.125,241.52341726415975
2026-02-26 22:00:00,22,3,432.0,1059.3,76.0,175.4,1216.1,982.4,1066.3,784.3291666666665,244.79762800635365
2026-02-26 23:00:00,23,3,437.0,1119.1,74.0,184.8,1059.3,976.3,1121.1,790.2791666666667,251.31517191379197
2026-02-27 00:00:00,0,4,306.0,856.6,52.0,148.4,1119.1,539.4,629.6,803.4958333333333,245.82868102942632
2026-02-27 01:00:00,1,4,279.0,759.1500000000001,51.5,140.8,856.6,561.5,665.7,811.7312499999999,240.6248088932062
2026-02-27 02:00:00,2,4,274.0,661.7,51.0,133.2,759.1500000000001,722.9,550.0,809.1812500000001,241.92787229672908
2026-02-27 03:00:00,3,4,271.0,594.7,46.0,130.8,661.7,567.9,548.4,810.2979166666665,240.8251063392225
2026-02-27 04:00:00,4,4,276.0,596.9,54.0,137.9,594.7,615.1,657.5,809.5395833333333,241.49421407200285
2026-02-27 05:00:00,5,4,291.0,690.9,63.0,118.3,596.9,497.4,809.8,817.6020833333333,233.72518351370516
2026-02-27 06:00:00,6,4,273.0,608.0,45.0,134.5,690.9,548.5,625.1,820.0812500000001,231.04688062424972
2026-02-27 07:00:00,7,4,254.0,542.8,38.0,132.1,608.0,650.3,576.3,815.6020833333333,235.4809059365304
2026-02-27 08:00:00,8,4,232.0,535.7,38.0,139.7,542.8,612.6,668.7,812.3979166666668,238.8621434686297
2026-02-27 09:00:00,9,4,261.0,606.1,42.0,140.5,535.7,599.0,619.1,812.69375,238.59059910436324
2026-02-27 10:00:00,10,4,285.0,650.4,46.0,132.2,606.1,612.8,586.8,814.2604166666666,237.3411363322248
2026-02-27 11:00:00,11,4,270.0,599.8,51.0,160.5,650.4,614.5,585.5,813.6479166666667,237.89738264509083
2026-02-27 12:00:00,12,4,305.0,790.0,54.0,144.8,599.8,652.3,668.8,819.3854166666666,235.485142833835
2026-02-27 13:00:00,13,4,294.0,681.5,58.0,159.8,790.0,757.1,766.9,816.2354166666668,236.85618296450522
2026-02-27 14:00:00,14,4,311.0,722.6,54.0,147.9,681.5,844.5,831.8,811.15625,237.5297817997746
2026-02-27 15:00:00,15,4,326.0,768.1,49.0,163.0,722.6,709.3,797.9,813.6062500000002,236.735425754292
2026-02-27 16:00:00,16,4,436.0,976.5,87.0,172.9,768.1,846.1,1045.3,819.0395833333333,238.9992036457397
2026-02-27 17:00:00,17,4,448.0,1003.8,74.0,189.7,976.5,1035.2,955.2,817.7312499999999,237.84761737228854
2026-02-27 18:00:00,18,4,448.0,1102.4,80.0,168.4,1003.8,1218.5,1244.9,812.8937499999998,230.4063821544462
2026-02-27 19:00:00,19,4,518.0,1168.1,110.0,186.3,1102.4,1257.5,1168.3,809.1687499999999,223.52580524721023
2026-02-27 20:00:00,20,4,481.0,1057.4,95.0,185.6,1168.1,1109.8,1191.9,806.9854166666665,220.69970424083826
2026-02-27 21:00:00,21,4,504.0,1023.4,82.0,166.5,1057.4,1216.1,1228.5,798.9562500000001,208.3272484799814
2026-02-27 22:00:00,22,4,516.0,1078.1,98.0,182.8,1023.4,1059.3,1138.4,799.7395833333334,209.3814093005613
2026-02-27 23:00:00,23,4,404.0,887.3,69.0,168.7,1078.1,1119.1,1011.4,790.0812500000001,199.10344307971295
2026-02-28 00:00:00,0,5,197.0,492.7,25.0,121.4,887.3,856.6,518.8,774.9187499999999,207.49681967835403
2026-02-28 01:00:00,1,5,196.0,412.0,38.0,121.4,492.7,759.1500000000001,490.3,760.4541666666665,220.34591181015884
2026-02-28 02:00:00,2,5,211.0,496.3,36.0,106.9,412.0,661.7,522.3,753.5625,226.0808374328724
2026-02-28 03:00:00,3,5,203.0,469.3,37.0,141.0,496.3,594.7,459.7,748.3375000000001,231.30078255568148
2026-02-28 04:00:00,4,5,189.0,453.4,37.0,107.5,469.3,596.9,510.6,742.3583333333332,237.16605798042042
2026-02-28 05:00:00,5,5,214.0,412.1,46.0,123.3,453.4,690.9,432.8,730.7416666666667,246.44268037445568
2026-02-28 06:00:00,6,5,225.0,535.0,44.0,116.0,412.1,608.0,498.4,727.6999999999999,248.46564979979829
2026-02-28 07:00:00,7,5,196.0,407.3,32.0,118.8,535.0,542.8,378.9,722.0541666666667,254.32025852245587
2026-02-28 08:00:00,8,5,213.0,521.5,43.0,113.2,407.3,535.7,446.2,721.4625,254.78874081413687
2026-02-28 09:00:00,9,5,185.0,392.7,37.0,125.8,521.5,606.1,445.9,712.5708333333333,262.5938134295067
2026-02-28 10:00:00,10,5,192.0,413.7,36.0,101.1,392.7,650.4,420.0,702.7083333333334,269.38745801583497
2026-02-28 11:00:00,11,5,190.0,425.4,35.0,116.3,413.7,599.8,456.8,695.4416666666666,274.58611845699113
2026-02-28 12:00:00,12,5,203.0,445.2,39.0,115.9,425.4,790.0,468.2,681.0749999999999,278.41705696436264
2026-02-28 13:00:00,13,5,244.0,537.2,40.0,140.8,445.2,681.5,488.2,675.0625,279.96129827640505
2026-02-28 14:00:00,14,5,252.0,570.0,52.0,102.6,537.2,722.6,499.45,668.7041666666668,280.5669407516773
2026-02-28 15:00:00,15,5,206.0,472.2,32.0,115.5,570.0,768.1,510.7,656.375,282.5040011259585
2026-02-28 16:00:00,16,5,304.0,723.8,51.0,129.8,472.2,976.5,789.4,645.8458333333333,274.65402264630825
2026-02-28 17:00:00,17,5,297.0,682.1,48.0,158.2,723.8,1003.8,685.5,632.4416666666666,264.07115298832156
2026-02-28 18:00:00,18,5,355.0,902.1,56.0,147.2,682.1,1102.4,808.5,624.0958333333333,251.43547098379426
2026-02-28 19:00:00,19,5,370.0,893.5,66.0,160.5,902.1,1168.1,887.1,612.6541666666667,231.02338481139108
2026-02-28 20:00:00,20,5,351.0,789.3,55.0,159.8,893.5,1057.4,796.9,601.4833333333332,214.47220285413084
2026-02-28 21:00:00,21,5,417.0,943.8,68.0,158.6,789.3,1023.4,818.7,598.1666666666666,208.1872603266609
2026-02-28 22:00:00,22,5,351.0,787.8,60.0,174.7,943.8,1078.1,733.6,586.0708333333333,186.38178320941387
2026-02-28 23:00:00,23,5,294.0,666.4,57.0,125.1,787.8,887.3,707.9,576.8666666666667,176.02599281052133
2026-03-01 00:00:00,0,6,175.0,411.4,31.0,104.4,666.4,492.7,476.9,573.4791666666666,178.48130331791106
2026-03-01 01:00:00,1,6,209.0,479.2,38.0,120.5,411.4,412.0,430.9,576.2791666666666,176.35230544016187
2026-03-01 02:00:00,2,6,212.0,460.6,37.0,114.8,479.2,496.3,438.0,574.7916666666666,177.2047474991403
2026-03-01 03:00:00,3,6,205.0,514.1,29.0,139.2,460.6,469.3,527.4,576.6583333333333,176.27872918285127
2026-03-01 04:00:00,4,6,171.0,374.4,36.0,117.9,514.1,453.4,403.5,573.3666666666667,179.39053260528547
2026-03-01 05:00:00,5,6,190.0,446.3,33.0,119.6,374.4,412.1,477.4,574.7916666666666,178.18559185559792
2026-03-01 06:00:00,6,6,203.0,497.3,38.0,137.5,446.3,535.0,401.3,573.2208333333334,178.71701940599982
2026-03-01 07:00:00,7,6,208.0,487.8,40.0,146.6,497.3,407.3,450.2,576.5749999999999,176.20538473241342
2026-03-01 08:00:00,8,6,191.0,430.4,38.0,116.3,487.8,521.5,475.9,572.7791666666666,178.41083993965503
2026-03-01 09:00:00,9,6,195.0,453.3,38.0,143.9,430.4,392.7,394.6,575.3041666666667,176.16612584412962
2026-03-01 10:00:00,10,6,185.0,427.8,30.0,116.9,453.3,413.7,438.8,575.8916666666667,175.62644130101864
2026-03-01 11:00:00,11,6,195.0,443.7,37.0,101.5,427.8,425.4,456.5,576.6541666666667,174.9832065958956
2026-03-01 12:00:00,12,6,218.0,496.9,42.0,131.3,443.7,445.2,402.8,578.8083333333333,173.60737541102225
2026-03-01 13:00:00,13,6,227.0,556.8,45.0,127.1,496.9,537.2,540.2,579.625,173.44916370887034
2026-03-01 14:00:00,14,6,220.0,443.7,30.0,118.1,556.8,570.0,571.2,574.3625000000001,175.65583892943096
2026-03-01 15:00:00,15,6,254.0,547.2,52.0,140.1,443.7,472.2,583.9,577.4875000000001,174.42210747519687
2026-03-01 16:00:00,16,6,293.0,671.2,51.0,130.0,547.2,723.8,718.6,575.2958333333333,172.82688619130386
2026-03-01 17:00:00,17,6,313.0,688.0,58.0,130.8,671.2,682.1,673.8,575.5416666666666,172.98953201973808
2026-03-01 18:00:00,18,6,357.0,818.0,68.0,159.8,688.0,902.1,852.1,572.0375,166.82908414068453
2026-03-01 19:00:00,19,6,372.0,877.1,57.0,153.2,818.0,893.5,852.2,571.3541666666666,165.48328164387303
2026-03-01 20:00:00,20,6,407.0,877.3,65.0,172.2,877.1,789.3,673.7,575.0208333333334,171.39178098900163
2026-03-01 21:00:00,21,6,315.0,795.7,59.0,141.1,877.3,943.8,831.1,568.85,159.8117914787717
2026-03-01 22:00:00,22,6,342.0,713.1,77.0,148.1,795.7,787.8,817.3,565.7375000000001,156.04515180605955
2026-03-01 23:00:00,23,6,298.0,693.3,54.0,152.5,713.1,666.4,693.8,566.8583333333333,156.89392128516047
2026-03-02 00:00:00,0,0,254.0,569.8,40.0,138.0,693.3,411.4,518.8,573.4583333333334,153.36190195422296
2026-03-02 01:00:00,1,0,272.0,645.6,44.0,143.2,569.8,479.2,751.8,580.3916666666667,152.67515363094952
2026-03-02 02:00:00,2,0,281.0,707.1,54.0,123.8,645.6,460.6,533.1,590.6625,152.55738139981068
2026-03-02 03:00:00,3,0,259.0,550.9,43.0,130.8,707.1,514.1,642.5,592.1958333333333,151.93808372568728
2026-03-02 04:00:00,4,0,243.0,558.7,43.0,130.3,550.9,374.4,640.5,599.875,144.94839336512996
2026-03-02 05:00:00,5,0,255.0,569.3,46.0,119.0,558.7,446.3,608.3,605.0,141.41367315971863
2026-03-02 06:00:00,6,0,259.0,607.2,42.0,151.6,569.3,497.3,579.0,609.5791666666667,139.54153497036648
2026-03-02 07:00:00,7,0,294.0,721.9,56.0,126.1,607.2,487.8,674.3,619.3333333333334,138.8390800348714
2026-03-02 08:00:00,8,0,272.0,646.8,45.0,128.9,721.9,430.4,463.6,628.35,132.937069126064
2026-03-02 09:00:00,9,0,257.0,645.4,45.0,139.2,646.8,453.3,551.8,636.3541666666666,127.61570701734956
2026-03-02 10:00:00,10,0,279.0,609.1,53.0,118.7,645.4,427.8,528.1,643.9083333333334,119.86424537301481
2026-03-02 11:00:00,11,0,307.0,673.5,53.0,140.6,609.1,443.7,645.4,653.4833333333333,112.10302197636574
2026-03-02 12:00:00,12,0,312.0,720.9,60.0,132.6,673.5,496.9,554.0,662.8166666666667,107.73942262889379
2026-03-02 13:00:00,13,0,358.0,894.7,69.0,155.9,720.9,556.8,785.8,676.8958333333334,115.10902385647229
2026-03-02 14:00:00,14,0,285.0,649.6,49.0,133.6,894.7,443.7,701.4,685.475,104.12165230278625
2026-03-02 15:00:00,15,0,387.0,838.9,77.0,173.6,649.6,547.2,770.0,697.6291666666666,104.30394748112981
2026-03-02 16:00:00,16,0,426.0,1013.7,80.0,197.2,838.9,671.2,1189.6,711.9000000000001,122.39258289548164
2026-03-02 17:00:00,17,0,444.0,1026.4,86.0,184.5,1013.7,688.0,872.1,726.0,138.014857423273
2026-03-02 18:00:00,18,0,498.0,1121.9,91.0,190.8,1026.4,818.0,1011.9,738.6625,159.14595382719065
2026-03-02 19:00:00,19,0,543.0,1322.0,111.0,196.6,1121.9,877.1,1228.0,757.1999999999999,197.30811922737598
2026-03-02 20:00:00,20,0,466.0,1091.3,86.0,170.4,1322.0,877.3,1349.3,766.1166666666667,207.54171852313718
2026-03-02 21:00:00,21,0,550.0,1386.4,104.0,177.9,1091.3,795.7,1205.6,790.7291666666666,243.17015241464776
2026-03-02 22:00:00,22,0,553.0,1195.1,110.0,168.1,1386.4,713.1,1097.3,810.8125,256.04338510172136
2026-03-02 23:00:00,23,0,393.0,872.6,68.0,129.3,1195.1,693.3,843.7,818.2833333333333,255.07952155914256
2026-03-03 00:00:00,0,1,264.0,584.1,48.0,114.3,872.6,569.8,738.0,818.8791666666667,254.48988017663754
2026-03-03 01:00:00,1,1,248.0,589.4,55.0,123.8,584.1,645.6,526.9,816.5374999999999,256.40496978921686
2026-03-03 02:00:00,2,1,291.0,647.9,54.0,154.5,589.4,707.1,614.2,814.0708333333333,257.78460081367774
2026-03-03 03:00:00,3,1,267.0,593.5,48.0,127.8,647.9,550.9,594.6,815.8458333333333,256.0344490733998
2026-03-03 04:00:00,4,1,261.0,646.4,45.0,162.4,593.5,558.7,655.9,819.5,252.81038950857766
2026-03-03 05:00:00,5,1,276.0,636.5,52.0,147.9,646.4,569.3,523.3,822.3000000000001,250.27827469161036
2026-03-03 06:00:00,6,1,223.0,496.7,36.0,109.1,636.5,607.2,515.7,817.6958333333332,255.37189671938938
2026-03-03 07:00:00,7,1,250.0,585.3,48.0,120.6,496.7,721.9,688.5,812.0041666666666,259.0949154253628
2026-03-03 08:00:00,8,1,261.0,615.0,53.0,134.6,585.3,646.8,543.5,810.6791666666668,260.0560240295512
2026-03-03 09:00:00,9,1,285.0,659.2,58.0,135.4,615.0,645.4,692.4,811.2541666666666,259.68969104309576
2026-03-03 10:00:00,10,1,304.0,648.9,55.0,144.0,659.2,609.1,574.3,812.9125,258.46684138942584
2026-03-03 11:00:00,11,1,261.0,688.8,52.0,136.3,648.9,673.5,633.9,813.5500000000001,258.1266793818418
2026-03-03 12:00:00,12,1,275.0,642.2,50.0,143.9,688.8,720.9,648.5,810.2708333333334,259.8489970852927
2026-03-03 13:00:00,13,1,316.0,701.1,55.0,129.5,642.2,894.7,672.4,802.2041666666665,260.118936808208
2026-03-03 14:00:00,14,1,295.0,611.4,56.0,159.8,701.1,649.6,735.9,800.6125000000001,261.20791371010034
2026-03-03 15:00:00,15,1,316.0,742.3,56.0,146.3,611.4,838.9,697.8,796.5875,261.3365152151212
2026-03-03 16:00:00,16,1,418.0,1006.8,67.0,175.8,742.3,1013.7,1071.3,796.2999999999998,261.09096199367616
2026-03-03 17:00:00,17,1,468.0,1103.7,68.0,161.7,1006.8,1026.4,1025.1,799.5208333333334,264.50734021074527
2026-03-03 18:00:00,18,1,443.0,920.2,80.0,210.4,1103.7,1121.9,1156.9,791.1166666666667,256.91438883100045
2026-03-03 19:00:00,19,1,468.0,1041.1,79.0,194.0,920.2,1322.0,1096.0,779.4124999999999,237.32952016406458
2026-03-03 20:00:00,20,1,509.0,1243.7,85.0,178.1,1041.1,1091.3,1028.2,785.7624999999999,247.84315308801538
2026-03-03 21:00:00,21,1,556.0,1179.2,85.0,207.3,1243.7,1386.4,1057.7,777.1291666666666,228.89546594397834
2026-03-03 22:00:00,22,1,493.0,1106.9,79.0,181.2,1179.2,1195.1,1128.6,773.4541666666668,222.51205532396122
2026-03-03 23:00:00,23,1,414.0,925.7,86.0,182.3,1106.9,872.6,1171.0,775.6666666666666,223.801013454339
2026-03-04 00:00:00,0,2,390.0,1019.8,72.0,179.5,925.7,584.1,620.6,793.8208333333333,225.25271600769045
2026-03-04 01:00:00,1,2,433.0,1111.8,73.0,167.0,1019.8,589.4,577.9,815.5875000000001,229.8339709111408
2026-03-04 02:00:00,2,2,410.0,934.3,78.0,185.3,1111.8,647.9,606.0,827.5208333333334,228.17802923454906
2026-03-04 03:00:00,3,2,384.0,901.8,57.0,157.5,934.3,593.5,643.4,840.3666666666667,223.05109312650285
2026-03-04 04:00:00,4,2,479.0,1076.2,86.0,169.8,901.8,646.4,718.6,858.275,224.0524458207521
2026-03-04 05:00:00,5,2,445.0,1083.1,84.0,172.8,1076.2,636.5,594.5,876.8833333333332,223.3772509274033
2026-03-04 06:00:00,6,2,411.0,969.1,72.0,162.8,1083.1,496.7,567.8,896.5666666666667,208.75471911701325
2026-03-04 07:00:00,7,2,349.0,796.0,68.0,157.9,969.1,585.3,661.9,905.3458333333334,199.31220861658983
2026-03-04 08:00:00,8,2,417.0,1084.1,62.0,140.7,796.0,615.0,587.6,924.8916666666668,192.48564015704227
2026-03-04 09:00:00,9,2,377.0,806.2,60.0,153.7,1084.1,659.2,603.8,931.0166666666668,185.88938662002914
2026-03-04 10:00:00,10,2,435.0,966.8,85.0,164.8,806.2,648.9,742.2,944.2624999999999,175.97451103102475
2026-03-04 11:00:00,11,2,470.0,1068.9,87.0,174.3,966.8,688.8,609.1,960.1,168.94754009557897
2026-03-04 12:00:00,12,2,430.0,912.8,91.0,176.8,1068.9,642.2,787.2,971.375,155.28670608572995
2026-03-04 13:00:00,13,2,422.0,904.2,83.5,174.2,912.8,701.1,794.8,979.8375000000001,145.11858363151384
2026-03-04 14:00:00,14,2,487.0,895.6,76.0,171.6,904.2,611.4,760.7,991.6791666666667,123.77234353991007
2026-03-04 15:00:00,15,2,523.0,1269.4,77.0,184.8,895.6,742.3,847.7,1013.6416666666668,124.36151689351895
2026-03-04 16:00:00,16,2,607.0,1218.0,98.0,197.4,1269.4,1006.8,863.4,1022.4416666666667,131.14380728194817
2026-03-04 17:00:00,17,2,651.0,1375.3,130.0,226.4,1218.0,1103.7,994.5,1033.7583333333334,148.96783112519228
2026-03-04 18:00:00,18,2,690.0,1536.6,117.0,217.6,1375.3,920.2,1097.3,1059.4416666666666,178.70616864043504
2026-03-04 19:00:00,19,2,787.0,1827.6,154.0,249.9,1536.6,1041.1,1468.7,1092.2125,237.60417635126626
2026-03-04 20:00:00,20,2,870.0,2125.9,129.0,272.5,1827.6,1243.7,908.9,1128.9708333333333,317.0252568174074
2026-03-04 21:00:00,21,2,787.0,1706.8,165.0,219.5,2125.9,1179.2,1163.4,1150.9541666666667,338.2422902867171
2026-03-04 22:00:00,22,2,831.0,1995.6,162.0,255.7,1706.8,1106.9,982.4,1187.9833333333333,379.35634694968826
2026-03-04 23:00:00,23,2,684.0,1549.6,104.0,224.5,1995.6,925.7,976.3,1213.9791666666667,381.9693670612684
2026-03-05 00:00:00,0,3,270.0,665.5,53.0,130.8,1549.6,1019.8,539.4,1199.2166666666665,396.37527416706024
2026-03-05 01:00:00,1,3,282.0,679.9,45.0,135.8,665.5,1111.8,561.5,1181.2208333333333,410.08392352018376
2026-03-05 02:00:00,2,3,277.0,623.5,44.0,132.1,679.9,934.3,722.9,1168.2708333333333,422.9266936985079
2026-03-05 03:00:00,3,3,291.0,659.1,53.0,159.0,623.5,901.8,567.9,1158.1583333333333,432.37135097613196
2026-03-05 04:00:00,4,3,263.0,607.7,34.0,139.6,659.1,1076.2,615.1,1138.6375,446.5751972439539
2026-03-05 05:00:00,5,3,239.0,570.4,43.0,128.6,607.7,1083.1,497.4,1117.275,461.3653294016697
2026-03-05 06:00:00,6,3,244.0,506.5,47.0,119.8,570.4,969.1,548.5,1098.0,477.2159706136142
2026-03-05 07:00:00,7,3,261.0,632.6,42.0,117.8,506.5,796.0,650.3,1091.1916666666666,482.8442713363359
2026-03-05 08:00:00,8,3,331.0,705.2,54.0,162.8,632.6,1084.1,612.6,1075.4041666666667,489.23831525373936
2026-03-05 09:00:00,9,3,286.0,638.2,50.0,133.6,705.2,806.2,599.0,1068.4041666666667,494.43184651825146
2026-03-05 10:00:00,10,3,251.0,532.6,47.0,127.7,638.2,966.8,612.8,1050.3125,506.1170540948514
2026-03-05 11:00:00,11,3,269.0,618.6,44.0,131.1,532.6,1068.9,614.5,1031.55,513.6880418579207
2026-03-05 12:00:00,12,3,268.0,631.6,46.0,155.1,618.6,912.8,652.3,1019.8333333333334,519.6862771583116
2026-03-05 13:00:00,13,3,272.0,632.8,46.0,126.8,631.6,904.2,757.1,1008.525,525.2350473835488
2026-03-05 14:00:00,14,3,329.0,669.8,66.0,141.3,632.8,895.6,844.5,999.1166666666667,529.3519759977784
2026-03-05 15:00:00,15,3,378.0,908.7,67.0,160.9,669.8,1269.4,709.3,984.0875,526.4570632085515
2026-03-05 16:00:00,16,3,417.0,1073.1,80.0,184.7,908.7,1218.0,846.1,978.0499999999998,524.4850576061942
2026-03-05 17:00:00,17,3,396.0,929.5,64.0,153.4,1073.1,1375.3,1035.2,959.4749999999999,517.6541587232516
2026-03-05 18:00:00,18,3,505.0,1016.4,91.0,193.3,929.5,1536.6,1218.5,937.8000000000001,503.12527180656906
2026-03-05 19:00:00,19,3,441.0,967.3,70.0,166.6,1016.4,1827.6,1257.5,901.9541666666665,466.2707712861664
2026-03-05 20:00:00,20,3,457.0,1103.0,91.0,177.5,967.3,2125.9,1109.8,859.3333333333334,390.0486654883913
2026-03-05 21:00:00,21,3,479.0,1087.2,86.0,166.1,1103.0,1706.8,1216.1,833.5166666666668,349.96276654954914
2026-03-05 22:00:00,22,3,463.0,1094.6,76.0,178.3,1087.2,1995.6,1059.3,795.9749999999999,255.44525194086185
2026-03-05 23:00:00,23,3,505.0,1160.6,91.0,184.1,1094.6,1549.6,1119.1,779.7666666666668,214.6278957246435
2026-03-06 00:00:00,0,4,286.0,763.9,56.0,135.1,1160.6,665.5,856.6,783.8666666666667,213.28583733055768
2026-03-06 01:00:00,1,4,267.0,647.8,47.0,164.2,763.9,679.9,759.1500000000001,782.5291666666666,214.06537497804914
2026-03-06 02:00:00,2,4,296.0,641.5,59.0,134.6,647.8,623.5,661.7,783.2791666666666,213.51479936318574
2026-03-06 03:00:00,3,4,267.0,611.0,50.0,139.9,641.5,659.1,594.7,781.275,214.9520012144269
2026-03-06 04:00:00,4,4,254.0,591.5,40.0,107.9,611.0,607.7,596.9,780.5999999999999,215.54538309579513
2026-03-06 05:00:00,5,4,291.0,620.6,54.0,146.1,591.5,570.4,690.9,782.6916666666666,213.65215923301022
2026-03-06 06:00:00,6,4,274.0,618.6,47.0,107.5,620.6,506.5,608.0,787.3624999999998,208.51517265719747
2026-03-06 07:00:00,7,4,319.0,695.2,61.0,138.4,618.6,632.6,542.8,789.9708333333333,206.88018897559934
2026-03-06 08:00:00,8,4,297.0,669.4,59.0,115.1,695.2,705.2,535.7,788.4791666666666,207.64563454862576
2026-03-06 09:00:00,9,4,267.0,657.7,45.0,133.2,669.4,638.2,606.1,789.2916666666666,207.06938958100318
2026-03-06 10:00:00,10,4,284.0,594.4,54.0,132.3,657.7,532.6,650.4,791.8666666666667,204.10151495223423
2026-03-06 11:00:00,11,4,290.0,655.7,51.0,147.7,594.4,618.6,599.8,793.4125,202.86893672795352
2026-03-06 12:00:00,12,4,310.0,779.2,55.0,135.5,655.7,631.6,790.0,799.5625,199.96679031344382
2026-03-06 13:00:00,13,4,306.0,727.9,69.0,155.5,779.2,632.8,681.5,803.525,197.44492297523269
2026-03-06 14:00:00,14,4,297.0,703.6,57.0,132.2,727.9,669.8,722.6,804.9333333333334,196.56821731391605
2026-03-06 15:00:00,15,4,376.0,796.8,68.0,170.7,703.6,908.7,768.1,800.2708333333334,195.32307345872442
2026-03-06 16:00:00,16,4,352.0,789.3,63.0,137.8,796.8,1073.1,976.5,788.4458333333333,186.47811849527073
2026-03-06 17:00:00,17,4,466.0,1092.6,70.0,188.6,789.3,929.5,1003.8,795.2416666666668,194.63557009171654
2026-03-06 18:00:00,18,4,458.0,1101.8,90.0,189.7,1092.6,1016.4,1102.4,798.8000000000001,199.57261291591817
2026-03-06 19:00:00,19,4,523.0,1184.4,84.0,195.2,1101.8,967.3,1168.1,807.8458333333333,212.0708966342984
2026-03-06 20:00:00,20,4,512.0,1096.0,101.0,199.5,1184.4,1103.0,1057.4,807.5541666666667,211.65171345389797
2026-03-06 21:00:00,21,4,464.0,1143.9,86.0,188.6,1096.0,1087.2,1023.4,809.9166666666666,215.19567166058235
2026-03-06 22:00:00,22,4,489.0,1084.9,77.0,178.2,1143.9,1094.6,1078.1,809.5125000000002,214.64615839846118
2026-03-06 23:00:00,23,4,420.0,950.3,83.0,157.7,1084.9,1160.6,887.3,800.75,203.70421011209183
2026-03-07 00:00:00,0,5,217.0,548.8,38.0,128.5,950.3,763.9,492.7,791.7875,210.0297459522879
2026-03-07 01:00:00,1,5,195.0,428.7,31.0,91.2,548.8,647.8,412.0,782.6583333333334,221.03386503600225
2026-03-07 02:00:00,2,5,197.0,495.9,37.0,142.7,428.7,641.5,496.3,776.5916666666667,226.99441271933802
2026-03-07 03:00:00,3,5,215.0,466.0,45.0,138.3,495.9,611.0,469.3,770.5500000000001,233.4317887520894
2026-03-07 04:00:00,4,5,199.0,483.4,31.0,127.1,466.0,591.5,453.4,766.0458333333335,238.0343891471709
2026-03-07 05:00:00,5,5,209.0,477.8,36.0,125.3,483.4,620.6,412.1,760.0958333333333,243.548944244794
2026-03-07 06:00:00,6,5,205.0,495.1,30.0,119.6,477.8,618.6,535.0,754.9500000000002,247.93374290234357
2026-03-07 07:00:00,7,5,200.0,466.4,34.0,126.2,495.1,695.2,407.3,745.4166666666666,254.6392207685678
2026-03-07 08:00:00,8,5,225.0,513.0,45.0,147.2,466.4,669.4,521.5,738.9,258.63906527622
2026-03-07 09:00:00,9,5,213.0,494.9,40.0,113.3,513.0,657.7,392.7,732.1166666666668,262.9600774240091
2026-03-07 10:00:00,10,5,228.0,560.4,40.0,103.2,494.9,594.4,413.7,730.6999999999999,263.82443272818404
2026-03-07 11:00:00,11,5,242.0,571.3,40.0,117.1,560.4,655.7,425.4,727.1833333333334,265.4252677376883
2026-03-07 12:00:00,12,5,216.0,472.6,44.0,99.4,571.3,779.2,445.2,714.4083333333333,270.14917765635744
2026-03-07 13:00:00,13,5,217.0,477.8,37.0,100.9,472.6,727.9,537.2,703.9875000000001,274.3964543954296
2026-03-07 14:00:00,14,5,257.0,545.5,47.0,127.4,477.8,703.6,570.0,697.4000000000001,276.29734927681045
2026-03-07 15:00:00,15,5,305.0,727.9,53.0,155.6,545.5,796.8,472.2,694.5291666666667,275.57664992136864
2026-03-07 16:00:00,16,5,323.0,782.7,55.0,146.4,727.9,789.3,723.8,694.2541666666667,275.4812421281951
2026-03-07 17:00:00,17,5,317.0,684.7,51.0,146.8,782.7,1092.6,682.1,677.2583333333333,262.09418472500926
2026-03-07 18:00:00,18,5,343.0,826.9,62.0,144.6,684.7,1101.8,902.1,665.8041666666667,248.3822063205562
2026-03-07 19:00:00,19,5,345.0,773.9,64.0,163.1,826.9,1184.4,893.5,648.6999999999999,224.0610728078995
2026-03-07 20:00:00,20,5,421.0,895.5999999999999,65.5,163.14999999999998,773.9,1096.0,789.3,640.35,209.9571757577595
2026-03-07 21:00:00,21,5,411.0,1017.3,67.0,163.2,895.5999999999999,1143.9,943.8,635.0749999999999,198.00606545387083
2026-03-07 22:00:00,22,5,364.0,814.4,53.0,164.1,1017.3,1084.9,787.8,623.8041666666667,177.97330156189574
2026-03-07 23:00:00,23,5,334.0,729.9,63.0,154.4,814.4,950.3,666.4,614.6208333333334,165.65367219690538
2026-03-08 00:00:00,0,6,198.0,448.0,36.0,105.6,729.9,548.8,411.4,610.4208333333333,168.64588054667473
2026-03-08 01:00:00,1,6,202.0,454.0,38.0,126.8,448.0,428.7,479.2,611.475,167.53601883982026
2026-03-08 02:00:00,2,6,193.0,454.2,34.0,103.5,454.0,495.9,460.6,609.7375,168.99661641197616
2026-03-08 03:00:00,3,6,199.0,499.3,43.0,120.8,454.2,466.0,514.1,611.125,167.8983213267744
2026-03-08 04:00:00,4,6,185.0,429.8,28.0,111.7,499.3,483.4,374.4,608.8916666666667,170.0143009756322
2026-03-08 05:00:00,5,6,174.0,416.6,25.0,107.3,429.8,477.8,446.3,606.3416666666667,172.50669027144073
2026-03-08 06:00:00,6,6,202.0,454.6,31.0,129.5,416.6,495.1,497.3,604.6541666666667,173.83516925191395
2026-03-08 07:00:00,7,6,188.0,491.7,32.0,123.6,454.6,466.4,487.8,605.7083333333334,173.0351909839197
2026-03-08 08:00:00,8,6,182.0,451.8,37.0,127.7,491.7,513.0,430.4,603.1583333333334,174.90170634976369
2026-03-08 09:00:00,9,6,198.0,438.1,27.0,107.0,451.8,494.9,453.3,600.7916666666666,176.80422953004026
2026-03-08 10:00:00,10,6,224.0,549.1,40.0,120.8,438.1,560.4,427.8,600.3208333333333,176.93147034735335
2026-03-08 11:00:00,11,6,212.0,503.5,42.0,146.8,549.1,571.3,443.7,597.4958333333333,177.95329988063392
2026-03-08 12:00:00,12,6,223.0,476.0,39.0,124.0,503.5,472.6,496.9,597.6374999999999,177.85087258834523
2026-03-08 13:00:00,13,6,220.0,499.5,45.0,117.4,476.0,477.8,556.8,598.5416666666666,177.2693576028541
2026-03-08 14:00:00,14,6,264.0,614.6,39.0,129.7,499.5,545.5,443.7,601.4208333333333,176.93124181362418
2026-03-08 15:00:00,15,6,255.0,609.9,41.0,119.6,614.6,727.9,547.2,596.5041666666667,174.89152284914724
2026-03-08 16:00:00,16,6,285.0,645.4,47.0,154.4,609.9,782.7,671.2,590.7833333333333,170.73224311939668
2026-03-08 17:00:00,17,6,333.0,827.2,58.0,140.4,645.4,684.7,688.0,596.7208333333333,176.52009118109117
2026-03-08 18:00:00,18,6,363.0,879.2,67.0,147.2,827.2,826.9,818.0,598.9,179.77799594524348
2026-03-08 19:00:00,19,6,334.0,799.5,64.0,149.7,879.2,773.9,877.1,599.9666666666667,180.93368870983076
2026-03-08 20:00:00,20,6,389.0,913.8,65.0,168.6,799.5,895.5999999999999,877.3,600.725,182.25990579628473
2026-03-08 21:00:00,21,6,424.0,1052.9,83.0,159.5,913.8,1017.3,795.7,602.2083333333334,185.90602796005587
2026-03-08 22:00:00,22,6,383.0,796.8,66.0,161.8,1052.9,814.4,713.1,601.475,185.06542732586593
2026-03-08 23:00:00,23,6,347.0,822.6,64.0,160.8,796.8,729.9,693.3,605.3375,188.79216963427905
2026-03-09 00:00:00,0,0,292.0,617.3,43.0,153.2,822.6,448.0,569.8,612.3916666666667,185.79685708173386
2026-03-09 01:00:00,1,0,244.0,576.6,51.0,142.6,617.3,454.0,645.6,617.5,182.91572067366477
2026-03-09 02:00:00,2,0,290.0,605.7,43.0,122.2,576.6,454.2,707.1,623.8125,179.61961089916133
2026-03-09 03:00:00,3,0,301.0,704.0,66.0,134.8,605.7,499.3,550.9,632.3416666666666,178.30536317293638
2026-03-09 04:00:00,4,0,273.0,644.6,46.0,134.1,704.0,429.8,558.7,641.2916666666666,173.0090646448219
2026-03-09 05:00:00,5,0,288.0,635.2,52.0,127.9,644.6,416.6,569.3,650.4,166.28927388348416
2026-03-09 06:00:00,6,0,281.0,644.1,48.0,142.2,635.2,454.6,607.2,658.2958333333332,161.00291782170333
2026-03-09 07:00:00,7,0,263.0,545.5,45.0,142.1,644.1,491.7,721.9,660.5375,158.94389716391402
2026-03-09 08:00:00,8,0,302.0,766.2,44.0,154.6,545.5,451.8,646.8,673.6374999999999,153.8671527861693
2026-03-09 09:00:00,9,0,274.0,590.7,43.0,153.2,766.2,438.1,645.4,679.9958333333334,146.69663307587427
2026-03-09 10:00:00,10,0,261.0,592.4,52.0,127.7,590.7,549.1,609.1,681.8000000000001,145.27618973647543
2026-03-09 11:00:00,11,0,262.0,630.2,35.0,119.7,592.4,503.5,673.5,687.0791666666668,140.74672589957405
2026-03-09 12:00:00,12,0,295.0,711.0,70.0,144.1,630.2,476.0,720.9,696.8708333333334,133.40661765466683
2026-03-09 13:00:00,13,0,300.0,682.3,53.0,140.4,711.0,499.5,894.7,704.4875000000001,126.69772762280726
2026-03-09 14:00:00,14,0,345.0,789.7,53.0,130.8,682.3,614.6,649.6,711.7833333333333,126.33756254632006
2026-03-09 15:00:00,15,0,380.0,834.1,57.0,150.0,789.7,609.9,838.9,721.125,126.76474015997681
2026-03-09 16:00:00,16,0,407.0,1006.0,83.0,160.4,834.1,645.4,1013.7,736.1500000000001,138.24920158587062
2026-03-09 17:00:00,17,0,386.0,898.0,71.0,144.9,1006.0,827.2,1026.4,739.1,141.00444334657863
2026-03-09 18:00:00,18,0,466.0,1023.4,83.0,178.4,898.0,879.2,1121.9,745.1083333333332,150.01795520556257
2026-03-09 19:00:00,19,0,578.0,1386.9,116.0,208.7,1023.4,799.5,1322.0,769.5833333333334,199.14877258770252
2026-03-09 20:00:00,20,0,501.0,1235.5,101.0,182.9,1386.9,913.8,1091.3,782.9875000000001,219.1042184272331
2026-03-09 21:00:00,21,0,438.0,902.2,86.0,165.4,1235.5,1052.9,1386.4,776.7083333333334,213.11006936948493
2026-03-09 22:00:00,22,0,519.0,1386.5,119.0,204.8,902.2,796.8,1195.1,801.2791666666667,246.85134759196856
2026-03-09 23:00:00,23,0,428.0,915.3,71.0,152.7,1386.5,822.6,872.6,805.1416666666668,247.92237901103763
2026-03-10 00:00:00,0,1,260.0,735.4,38.0,151.6,915.3,617.3,584.1,810.0625,245.18891529753628
2026-03-10 01:00:00,1,1,277.0,636.9,37.0,109.1,735.4,576.6,589.4,812.5749999999999,242.9916714443196
2026-03-10 02:00:00,2,1,277.0,637.1,45.0,130.7,636.9,605.7,647.9,813.8833333333332,241.91150316245535
2026-03-10 03:00:00,3,1,256.0,550.4,35.0,131.5,637.1,704.0,593.5,807.4833333333332,246.92483571474432
2026-03-10 04:00:00,4,1,280.0,605.2,54.0,126.4,550.4,644.6,646.4,805.8416666666667,248.18261144404994
2026-03-10 05:00:00,5,1,303.0,766.5,61.0,135.1,605.2,635.2,636.5,811.3125,245.6921780576164
2026-03-10 06:00:00,6,1,256.0,607.6,41.0,124.6,766.5,644.1,496.7,809.7916666666666,246.88230943132552
2026-03-10 07:00:00,7,1,256.0,592.7,44.0,125.7,607.6,545.5,585.3,811.7583333333333,244.8651801487406
2026-03-10 08:00:00,8,1,286.0,638.7,49.0,140.3,592.7,766.2,615.0,806.4458333333333,247.26787793837025
2026-03-10 09:00:00,9,1,262.0,652.3,47.0,133.8,638.7,590.7,659.2,809.0124999999999,245.2424573364788
2026-03-10 10:00:00,10,1,274.0,564.2,59.0,139.1,652.3,592.4,648.9,807.8375000000001,246.39027862757445
2026-03-10 11:00:00,11,1,274.0,644.8,48.0,125.7,564.2,630.2,688.8,808.4458333333333,245.9502565104092
2026-03-10 12:00:00,12,1,340.0,844.3,64.0,128.3,644.8,711.0,642.2,814.0,245.15785686493612
2026-03-10 13:00:00,13,1,367.0,888.5,67.0,134.3,844.3,682.3,701.1,822.5916666666667,243.9519177797247
2026-03-10 14:00:00,14,1,357.0,851.9,59.0,152.4,888.5,789.7,611.4,825.1833333333334,243.91768865865276
2026-03-10 15:00:00,15,1,392.0,833.4,73.0,168.5,851.9,834.1,742.3,825.1541666666666,243.91661793248718
2026-03-10 16:00:00,16,1,388.0,972.7,74.0,147.1,833.4,1006.0,1006.8,823.7666666666665,242.93590435172024
2026-03-10 17:00:00,17,1,409.0,820.2,74.0,161.2,972.7,898.0,1103.7,820.525,242.42081315797472
2026-03-10 18:00:00,18,1,521.0,1266.7,86.0,192.2,820.2,1023.4,920.2,830.6625,255.9813152360924
2026-03-10 19:00:00,19,1,496.0,1010.9,66.0,168.5,1266.7,1386.9,1041.1,814.9958333333333,230.71747352677798
2026-03-10 20:00:00,20,1,510.0,1185.0,100.0,188.2,1010.9,1235.5,1243.7,812.8916666666668,226.9146342391426
2026-03-10 21:00:00,21,1,577.0,1276.5,99.0,218.3,1185.0,902.2,1179.2,828.4874999999998,245.4273084846096
2026-03-10 22:00:00,22,1,448.0,1006.7,81.0,164.1,1276.5,1386.5,1106.9,812.6624999999999,218.66853775103021
2026-03-10 23:00:00,23,1,463.0,1001.5,82.0,192.9,1006.7,915.3,925.7,816.2541666666666,221.1218353506509
2026-03-11 00:00:00,0,2,281.0,569.4,53.0,114.7,1001.5,735.4,1019.8,809.3375000000001,226.29658648408213
2026-03-11 01:00:00,1,2,264.0,620.0,45.0,131.8,569.4,636.9,1111.8,808.6333333333333,226.88202578253802
2026-03-11 02:00:00,2,2,260.0,638.0,45.0,117.5,620.0,637.1,934.3,808.6708333333335,226.85251381759508
2026-03-11 03:00:00,3,2,256.0,638.3,44.0,132.9,638.0,550.4,901.8,812.3333333333334,223.18133720220007
2026-03-11 04:00:00,4,2,327.0,811.8,61.0,173.6,638.3,605.2,1076.2,820.9416666666666,218.78572983563146
2026-03-11 05:00:00,5,2,271.0,544.2,57.0,135.9,811.8,766.5,1083.1,811.6791666666667,225.78447780276326
2026-03-11 06:00:00,6,2,280.0,634.3,41.0,142.7,544.2,607.6,969.1,812.7916666666666,224.79883358173805
2026-03-11 07:00:00,7,2,276.0,664.6,47.0,116.0,634.3,592.7,796.0,815.7875,222.2023056126219
2026-03-11 08:00:00,8,2,252.0,523.2,49.0,143.5,664.6,638.7,1084.1,810.975,227.3945532023289
2026-03-11 09:00:00,9,2,263.0,561.1500000000001,53.0,155.25,523.2,652.3,806.2,807.1770833333334,230.8942068958846
2026-03-11 10:00:00,10,2,281.0,599.1,57.0,167.0,561.1500000000001,564.2,966.8,808.63125,229.40249032635765
2026-03-11 11:00:00,11,2,256.0,600.5,50.0,117.8,599.1,644.8,1068.9,806.7854166666667,230.9510325848157
2026-03-11 12:00:00,12,2,280.0,625.3,54.0,125.1,600.5,844.3,912.8,797.6604166666667,233.7142406868241
2026-03-11 13:00:00,13,2,288.0,639.6,54.0,121.8,625.3,888.5,904.2,787.2895833333333,235.02672650016638
2026-03-11 14:00:00,14,2,365.0,836.0,72.0,148.6,639.6,851.9,895.6,786.6270833333333,234.85903217775333
2026-03-11 15:00:00,15,2,363.0,820.3,54.0,145.1,836.0,833.4,1269.4,786.0812500000001,234.7608037114354
2026-03-11 16:00:00,16,2,440.0,1017.1,75.0,153.1,820.3,972.7,1218.0,787.9312500000001,236.4641317650797
2026-03-11 17:00:00,17,2,423.0,877.4,81.0,171.3,1017.1,820.2,1375.3,790.3145833333333,237.0909408530857
2026-03-11 18:00:00,18,2,492.0,1081.2,96.0,168.6,877.4,1266.7,1536.6,782.5854166666667,223.52085083128276
2026-03-11 19:00:00,19,2,534.0,1197.0,94.0,181.1,1081.2,1010.9,1827.6,790.3395833333334,234.73250037990346
2026-03-11 20:00:00,20,2,533.0,1234.9,88.0,196.9,1197.0,1185.0,2125.9,792.4187500000002,238.5698643513685
2026-03-11 21:00:00,21,2,599.0,1401.9,94.0,224.1,1234.9,1276.5,1706.8,797.6437500000001,250.69779716367134
2026-03-11 22:00:00,22,2,523.0,1150.6,95.0,184.8,1401.9,1006.7,1995.6,803.6395833333335,257.54245449058703
2026-03-11 23:00:00,23,2,378.0,838.15,71.0,160.4,1150.6,1001.5,1549.6,796.8333333333334,254.2232063034142
2026-03-12 00:00:00,0,3,250.0,525.7,47.0,136.0,838.15,569.4,665.5,795.0124999999999,256.07275471342444
2026-03-12 01:00:00,1,3,263.0,616.9,45.0,132.7,525.7,620.0,679.9,794.8833333333333,256.1656366607298
2026-03-12 02:00:00,2,3,287.0,665.0,49.0,134.2,616.9,638.0,623.5,796.0083333333333,255.50513424036768
2026-03-12 03:00:00,3,3,296.0,707.6,53.0,126.8,665.0,638.3,659.1,798.8958333333334,254.03270112871988
2026-03-12 04:00:00,4,3,297.0,688.5,51.0,133.5,707.6,811.8,607.7,793.7583333333333,255.00531736428144
2026-03-12 05:00:00,5,3,265.0,630.9,47.0,124.8,688.5,544.2,570.4,797.3708333333334,251.91161705640118
2026-03-12 06:00:00,6,3,279.0,599.1,44.0,155.8,630.9,634.3,506.5,795.9041666666667,253.00242691595318
2026-03-12 07:00:00,7,3,278.0,639.8,49.0,164.0,599.1,664.6,632.6,794.8708333333333,253.61193777479005
2026-03-12 08:00:00,8,3,229.0,551.7,38.0,124.2,639.8,523.2,705.2,796.0583333333333,252.34814747929457
2026-03-12 09:00:00,9,3,273.0,608.5,50.0,135.4,551.7,561.1500000000001,638.2,798.03125,250.61084495969632
2026-03-12 10:00:00,10,3,283.0,699.4,57.0,153.9,608.5,599.1,532.6,802.2104166666667,247.97165071977136
2026-03-12 11:00:00,11,3,298.0,652.8,59.0,135.0,699.4,600.5,618.6,804.3895833333332,246.34643509177764
2026-03-12 12:00:00,12,3,286.0,641.1,55.0,112.4,652.8,625.3,631.6,805.0479166666665,245.86767627039004
2026-03-12 13:00:00,13,3,344.0,847.5,60.0,146.0,641.1,639.6,632.8,813.7104166666667,243.4354891686403
2026-03-12 14:00:00,14,3,328.0,797.4,65.0,133.1,847.5,836.0,669.8,812.1020833333333,243.40933339218398
2026-03-12 15:00:00,15,3,372.0,895.8,72.0,172.9,797.4,820.3,908.7,815.2479166666667,244.007039046349
2026-03-12 16:00:00,16,3,439.0,1015.3,74.0,144.6,895.8,1017.1,1073.1,815.1729166666665,243.94256673454112
2026-03-12 17:00:00,17,3,413.0,899.3,78.0,158.7,1015.3,877.4,929.5,816.0854166666668,244.22625089434104
2026-03-12 18:00:00,18,3,459.0,1163.1,91.0,179.2,899.3,1081.2,1016.4,819.4979166666667,248.62425923083111
2026-03-12 19:00:00,19,3,600.0,1302.8,99.0,185.8,1163.1,1197.0,967.3,823.90625,256.424341885502
2026-03-12 20:00:00,20,3,390.0,1015.4,80.0,169.9,1302.8,1234.9,1103.0,814.7604166666666,244.7781315622844
2026-03-12 21:00:00,21,3,559.0,1295.6,93.0,206.4,1015.4,1401.9,1087.2,810.3312500000001,234.4353687760275
2026-03-12 22:00:00,22,3,498.0,1203.3,74.0,185.8,1295.6,1150.6,1094.6,812.5270833333333,237.98105193991256
2026-03-12 23:00:00,23,3,447.0,1100.2,99.0,179.6,1203.3,838.15,1160.6,823.4458333333333,245.11243911309518
2026-03-13 00:00:00,0,4,287.0,708.1,46.0,136.0,1100.2,525.7,763.9,831.0458333333332,238.20965551774722
2026-03-13 01:00:00,1,4,253.0,553.3,41.0,152.9,708.1,616.9,647.8,828.3958333333334,241.0325694737149
2026-03-13 02:00:00,2,4,278.0,703.5,62.0,134.6,553.3,665.0,641.5,830.0,240.02383033864476
2026-03-13 03:00:00,3,4,302.0,692.4,43.0,143.4,703.5,707.6,611.0,829.3666666666667,240.38062872591547
2026-03-13 04:00:00,4,4,299.0,670.7,58.0,145.8,692.4,688.5,591.5,828.625,240.86113309287234
2026-03-13 05:00:00,5,4,228.0,536.8,42.0,125.6,670.7,630.9,620.6,824.7041666666665,244.9508974382353
2026-03-13 06:00:00,6,4,257.0,622.4,47.0,128.5,536.8,599.1,618.6,825.6750000000001,244.06242831096156
2026-03-13 07:00:00,7,4,286.0,653.5,44.0,138.9,622.4,639.8,695.2,826.2458333333334,243.62441510254618
2026-03-13 08:00:00,8,4,296.0,651.0,55.0,125.9,653.5,551.7,669.4,830.3833333333333,239.56849917529055
2026-03-13 09:00:00,9,4,260.0,531.2,54.0,154.4,651.0,608.5,657.7,827.1625,243.17376112119055
2026-03-13 10:00:00,10,4,277.0,585.6,54.0,132.9,531.2,699.4,594.4,822.4208333333332,246.85496354208092
2026-03-13 11:00:00,11,4,274.0,658.4,47.0,138.1,585.6,652.8,655.7,822.6541666666667,246.69025461297468
2026-03-13 12:00:00,12,4,278.0,604.8,58.0,141.5,658.4,641.1,779.2,821.1416666666668,247.95980550268087
2026-03-13 13:00:00,13,4,333.0,831.6,71.0,153.9,604.8,847.5,727.9,820.4791666666666,247.907554612718
2026-03-13 14:00:00,14,4,361.0,839.1,73.0,164.8,831.6,797.4,703.6,822.2166666666667,247.88489731897818
2026-03-13 15:00:00,15,4,391.0,838.0,63.0,154.1,839.1,895.8,796.8,819.8083333333334,247.4192550179209
2026-03-13 16:00:00,16,4,404.0,929.6,51.0,182.0,838.0,1015.3,789.3,816.2375000000001,245.08257847456017
2026-03-13 17:00:00,17,4,459.0,1163.4,73.0,172.7,929.6,899.3,1092.6,827.2416666666668,254.71399462528706
2026-03-13 18:00:00,18,4,568.0,1258.7,99.0,202.6,1163.4,1163.1,1101.8,831.2249999999999,260.8678413529994
2026-03-13 19:00:00,19,4,562.0,1189.0,115.0,190.8,1258.7,1302.8,1184.4,826.4833333333332,252.83411586438905
2026-03-13 20:00:00,20,4,500.0,1187.8,101.0,174.3,1189.0,1015.4,1096.0,833.6666666666666,260.7596672378049
2026-03-13 21:00:00,21,4,541.0,1255.4,111.0,197.0,1187.8,1295.6,1143.9,831.9916666666667,257.77544645893096
2026-03-13 22:00:00,22,4,525.0,1344.6,91.0,177.7,1255.4,1203.3,1084.9,837.8791666666667,268.034202845322
2026-03-13 23:00:00,23,4,462.0,1053.0,82.0,158.7,1344.6,1100.2,950.3,835.9125,266.19260812345055
2026-03-14 00:00:00,0,5,220.0,554.3,41.0,130.5,1053.0,708.1,548.8,829.5041666666667,271.2074105681871
2026-03-14 01:00:00,1,5,187.0,440.4,37.0,125.7,554.3,553.3,428.7,824.7999999999998,277.12120876581395
2026-03-14 02:00:00,2,5,182.0,352.3,35.0,110.7,440.4,703.5,495.9,810.1666666666666,292.6427643667817
2026-03-14 03:00:00,3,5,202.0,455.9,31.0,89.8,352.3,692.4,466.0,800.3125,300.65294785574235
2026-03-14 04:00:00,4,5,199.0,461.7,34.0,126.9,455.9,670.7,483.4,791.6041666666666,307.51878483332075
2026-03-14 05:00:00,5,5,196.0,425.6,34.0,153.0,461.7,536.8,477.8,786.9708333333333,312.32495129155996
2026-03-14 06:00:00,6,5,218.0,452.8,44.0,135.6,425.6,622.4,495.1,779.9041666666667,318.0761605259462
2026-03-14 07:00:00,7,5,224.0,506.2,47.0,116.3,452.8,653.5,466.4,773.7666666666665,322.01796556236974
2026-03-14 08:00:00,8,5,226.0,550.1,41.0,133.0,506.2,651.0,513.0,769.5625,324.3407384519639
2026-03-14 09:00:00,9,5,232.0,551.9,43.0,120.5,550.1,531.2,494.9,770.4249999999998,323.70621845983317
2026-03-14 10:00:00,10,5,230.0,558.6,43.0,117.5,551.9,585.6,560.4,769.3000000000001,324.4226068357243
2026-03-14 11:00:00,11,5,191.0,473.1,40.0,113.0,558.6,658.4,571.3,761.5791666666665,329.3442496302202
2026-03-14 12:00:00,12,5,202.0,437.2,35.0,139.1,473.1,604.8,472.6,754.5958333333333,334.5488415361627
2026-03-14 13:00:00,13,5,232.0,572.1,42.0,140.5,437.2,831.6,477.8,743.7833333333333,336.1415704168691
2026-03-14 14:00:00,14,5,247.0,584.6,49.0,110.3,572.1,839.1,545.5,733.1791666666667,337.0170863674769
2026-03-14 15:00:00,15,5,223.0,517.0,43.0,103.6,584.6,838.0,727.9,719.8041666666667,339.0398546268013
2026-03-14 16:00:00,16,5,282.0,642.6,48.0,130.8,517.0,929.6,782.7,707.8458333333333,336.36927686200323
2026-03-14 17:00:00,17,5,341.0,790.1,66.0,145.4,642.6,1163.4,684.7,692.2916666666666,322.7428952731195
2026-03-14 18:00:00,18,5,385.0,782.5,75.0,155.2,790.1,1258.7,826.9,672.4499999999999,300.26213185496346
2026-03-14 19:00:00,19,5,399.0,1058.5,69.0,160.4,782.5,1189.0,773.9,667.0124999999999,291.55655027947853
2026-03-14 20:00:00,20,5,396.0,958.1,68.0,148.1,1058.5,1187.8,895.5999999999999,657.4416666666667,277.1307961746698
2026-03-14 21:00:00,21,5,363.0,853.9,67.0,140.0,958.1,1255.4,1017.3,640.7125,250.28322619627957
2026-03-14 22:00:00,22,5,365.0,790.3,58.0,144.2,853.9,1344.6,814.4,617.6166666666667,203.75557963374857
2026-03-14 23:00:00,23,5,369.0,923.0,76.0,146.7,790.3,1053.0,729.9,612.2,193.12891616966732
2026-03-15 00:00:00,0,6,215.0,468.8,39.0,126.7,923.0,554.3,448.0,608.6374999999999,195.02268053719774
2026-03-15 01:00:00,1,6,235.0,546.0,39.0,129.4,468.8,440.4,454.0,613.0375,192.23326141300072
2026-03-15 02:00:00,2,6,208.0,507.5,36.0,125.2,546.0,352.3,454.2,619.5041666666667,185.57594362268523
2026-03-15 03:00:00,3,6,232.0,481.0,45.0,134.7,507.5,455.9,499.3,620.5500000000001,184.68242307080857
2026-03-15 04:00:00,4,6,243.0,589.5,49.0,155.5,481.0,461.7,429.8,625.875,181.72183532746786
2026-03-15 05:00:00,5,6,199.0,471.9,39.0,129.1,589.5,425.6,416.6,627.8041666666667,179.7382020780018
2026-03-15 06:00:00,6,6,206.0,483.0,36.0,137.4,471.9,452.8,454.6,629.0625,178.56160503725033
2026-03-15 07:00:00,7,6,192.0,431.7,31.0,118.3,483.0,506.2,491.7,625.9583333333334,181.41511110222496
2026-03-15 08:00:00,8,6,200.0,459.4,37.0,120.8,431.7,550.1,451.8,622.1791666666667,183.99050065074258
2026-03-15 09:00:00,9,6,230.0,549.5,47.0,136.1,459.4,551.9,438.1,622.0791666666667,184.0310063175025
2026-03-15 10:00:00,10,6,221.0,549.6,34.0,126.9,549.5,558.6,549.1,621.7041666666667,184.1750950428932
2026-03-15 11:00:00,11,6,209.0,462.3,35.0,119.6,549.6,473.1,503.5,621.2541666666667,184.56674762727687
2026-03-15 12:00:00,12,6,230.0,522.8,49.0,137.1,462.3,437.2,476.0,624.8208333333333,181.65953816954334
2026-03-15 13:00:00,13,6,269.0,672.5,42.0,149.3,522.8,572.1,499.5,629.0041666666667,181.54866751793296
2026-03-15 14:00:00,14,6,222.0,491.9,40.0,118.8,672.5,584.6,614.6,625.1416666666667,183.5099687297373
2026-03-15 15:00:00,15,6,279.0,624.3,54.0,129.4,491.9,517.0,609.9,629.6125,182.06213299788578
2026-03-15 16:00:00,16,6,315.0,750.0,62.0,134.6,624.3,642.6,645.4,634.0875,183.7077222880453
2026-03-15 17:00:00,17,6,381.0,678.2,74.0,129.2,750.0,790.1,827.2,629.4250000000001,180.97566555131067
2026-03-15 18:00:00,18,6,388.0,939.1,56.0,167.4,678.2,782.5,879.2,635.95,189.36337738763763
2026-03-15 19:00:00,19,6,385.0,914.9,62.0,155.4,939.1,1058.5,799.5,629.9666666666667,177.31703777149758
2026-03-15 20:00:00,20,6,422.0,889.6,67.0,158.4,914.9,958.1,913.8,627.1125000000001,172.28554485908575
2026-03-15 21:00:00,21,6,357.0,868.2,79.0,145.5,889.6,853.9,1052.9,627.7083333333334,173.12664355940615
2026-03-15 22:00:00,22,6,410.0,1045.6,83.0,160.2,868.2,790.3,796.8,638.3458333333333,190.52066412897474
2026-03-15 23:00:00,23,6,268.0,646.9,42.0,109.2,1045.6,923.0,822.6,626.8416666666666,180.6661247251104
2026-03-16 00:00:00,0,0,266.0,557.6,54.0,120.8,646.9,468.8,617.3,630.5416666666666,178.18095325104196
2026-03-16 01:00:00,1,0,280.0,684.2,45.0,123.5,557.6,546.0,576.6,636.3000000000001,177.56205528845842
2026-03-16 02:00:00,2,0,283.0,717.1,50.0,126.1,684.2,507.5,605.7,645.0333333333333,176.10017076916247
2026-03-16 03:00:00,3,0,303.0,665.5,54.0,141.0,717.1,481.0,704.0,652.7208333333333,172.62082341808258
2026-03-16 04:00:00,4,0,247.0,556.6,42.0,128.8,665.5,589.5,644.6,651.35,173.27410554429224
2026-03-16 05:00:00,5,0,272.0,642.9,48.0,138.5,556.6,471.9,635.2,658.475,169.0383009081481
2026-03-16 06:00:00,6,0,280.0,630.3,38.0,141.3,642.9,483.0,644.1,664.6125000000001,165.01634783968643
2026-03-16 07:00:00,7,0,277.0,621.7,40.0,138.8,630.3,431.7,545.5,672.5291666666666,157.75437285792623
2026-03-16 08:00:00,8,0,258.0,664.7,54.0,118.1,621.7,459.4,766.2,681.0833333333334,151.12178407889735
2026-03-16 09:00:00,9,0,240.0,565.7,47.0,137.8,664.7,549.5,590.7,681.7583333333333,150.5435742687932
2026-03-16 10:00:00,10,0,294.0,669.1,59.0,158.0,565.7,549.6,592.4,686.7375000000001,147.93606966024947
2026-03-16 11:00:00,11,0,314.0,734.0,51.0,165.2,669.1,462.3,630.2,698.0583333333334,140.20831370458902
2026-03-16 12:00:00,12,0,294.0,685.5,49.0,129.4,734.0,522.8,711.0,704.8375,135.2102704244808
2026-03-16 13:00:00,13,0,304.0,735.7,66.0,146.7,685.5,672.5,682.3,707.4708333333333,135.16851794243348
2026-03-16 14:00:00,14,0,345.0,845.3,63.0,163.5,735.7,491.9,789.7,722.1958333333333,129.80661696528142
2026-03-16 15:00:00,15,0,367.0,871.9,73.0,153.1,845.3,624.3,834.1,732.5124999999999,131.51587212030887
2026-03-16 16:00:00,16,0,405.0,849.3,77.0,175.9,871.9,750.0,1006.0,736.65,133.63487243393837
2026-03-16 17:00:00,17,0,399.0,891.1,70.0,156.7,849.3,678.2,898.0,745.5208333333334,136.61915003321187
2026-03-16 18:00:00,18,0,531.0,1125.0,88.0,173.5,891.1,939.1,1023.4,753.2666666666665,152.4270051009928
2026-03-16 19:00:00,19,0,431.0,1032.8,93.0,158.5,1125.0,914.9,1386.9,758.1791666666668,159.59407469432043
2026-03-16 20:00:00,20,0,421.0,927.5,91.0,172.2,1032.8,889.6,1235.5,759.7583333333333,161.13111570790866
2026-03-16 21:00:00,21,0,537.0,1263.0,93.0,207.2,927.5,868.2,902.2,776.2083333333334,190.21184509512747
2026-03-16 22:00:00,22,0,493.0,1130.5,86.0,190.0,1263.0,1045.6,1386.5,779.7458333333334,196.13692417635775
2026-03-16 23:00:00,23,0,510.0,1186.2,108.0,193.2,1130.5,646.9,915.3,802.2166666666666,210.6141530127433
2026-03-17 00:00:00,0,1,266.0,647.8,46.0,146.0,1186.2,557.6,735.4,805.975,206.83006940166007
2026-03-17 01:00:00,1,1,246.0,591.7,42.0,138.0,647.8,684.2,636.9,802.1208333333333,210.03495563972106
2026-03-17 02:00:00,2,1,278.0,581.6,56.0,131.2,591.7,717.1,637.1,796.475,214.19958033897083
2026-03-17 03:00:00,3,1,292.0,624.4,49.0,149.5,581.6,665.5,550.4,794.7624999999999,215.45286544453475
2026-03-17 04:00:00,4,1,304.0,651.1,45.0,138.4,624.4,556.6,605.2,798.6999999999999,211.7426658038928
2026-03-17 05:00:00,5,1,258.0,533.0,47.0,161.9,651.1,642.9,766.5,794.1208333333334,216.39573245644712
2026-03-17 06:00:00,6,1,278.0,593.6,45.0,153.0,533.0,630.3,607.6,792.5916666666667,217.72927129743047
2026-03-17 07:00:00,7,1,292.0,670.4,51.0,145.6,593.6,621.7,592.7,794.6208333333334,216.28954421886814
2026-03-17 08:00:00,8,1,300.0,725.0,51.0,176.9,670.4,664.7,638.7,797.1333333333333,215.0614647564466
2026-03-17 09:00:00,9,1,322.0,652.7,55.0,144.5,725.0,565.7,652.3,800.7583333333333,211.69781563570143
2026-03-17 10:00:00,10,1,316.0,776.8,47.0,158.8,652.7,669.1,564.2,805.2458333333334,209.9196512522921
2026-03-17 11:00:00,11,1,288.0,626.5,44.0,141.3,776.8,734.0,644.8,800.7666666666668,212.6352841321753
2026-03-17 12:00:00,12,1,274.0,616.2,49.0,124.8,626.5,685.5,844.3,797.8791666666667,214.72884008556622
2026-03-17 13:00:00,13,1,303.0,724.8,45.0,137.4,616.2,735.7,888.5,797.4250000000001,214.8775470294447
2026-03-17 14:00:00,14,1,299.0,661.9,48.0,157.9,724.8,845.3,851.9,789.7833333333333,216.35697287155986
2026-03-17 15:00:00,15,1,402.0,865.2,65.0,167.2,661.9,871.9,833.4,789.5041666666666,216.25070691850604
2026-03-17 16:00:00,16,1,453.0,992.2,92.0,174.1,865.2,849.3,972.7,795.4583333333334,219.90508608046773
2026-03-17 17:00:00,17,1,546.0,1272.0,105.0,192.6,992.2,891.1,820.2,811.3291666666668,239.94012926990317
2026-03-17 18:00:00,18,1,529.0,1176.3,86.0,179.8,1272.0,1125.0,1266.7,813.4666666666667,243.0641151177419
2026-03-17 19:00:00,19,1,545.0,1327.7,104.0,184.8,1176.3,1032.8,1010.9,825.7541666666666,261.39666672164776
2026-03-17 20:00:00,20,1,503.0,1205.5,94.0,155.1,1327.7,927.5,1185.0,837.3375,272.0440754131415
2026-03-17 21:00:00,21,1,518.0,1036.8,105.0,191.5,1205.5,1263.0,1276.5,827.9124999999999,260.3215658815905
2026-03-17 22:00:00,22,1,531.0,1201.5,96.0,177.9,1036.8,1130.5,1006.7,830.8708333333333,264.283007858533
2026-03-17 23:00:00,23,1,438.0,997.7,79.0,197.5,1201.5,1186.2,1001.5,823.0166666666668,255.93301886416953
2026-03-18 00:00:00,0,2,304.0,700.9,48.0,148.0,997.7,647.8,569.4,825.2291666666666,254.5783768938043
2026-03-18 01:00:00,1,2,266.0,611.5,50.0,157.5,700.9,591.7,620.0,826.0541666666668,253.81963808487325
2026-03-18 02:00:00,2,2,268.0,570.4,55.0,131.4,611.5,581.6,638.0,825.5875,254.29847118229395
2026-03-18 03:00:00,3,2,291.0,694.1,47.0,156.8,570.4,624.4,638.3,828.4916666666668,252.29102573549156
2026-03-18 04:00:00,4,2,260.0,622.6,47.0,137.2,694.1,651.1,811.8,827.3041666666667,253.22762140563066
2026-03-18 05:00:00,5,2,255.0,624.7,44.0,118.8,622.6,533.0,544.2,831.125,249.25457433332437
2026-03-18 06:00:00,6,2,306.0,642.6,52.0,153.2,624.7,593.6,634.3,833.1666666666666,247.41831267971077
2026-03-18 07:00:00,7,2,291.0,584.1,60.0,127.2,642.6,670.4,664.6,829.5708333333333,250.49470961898822
2026-03-18 08:00:00,8,2,259.0,661.9,48.0,135.1,584.1,725.0,523.2,826.9416666666666,251.96681444132665
2026-03-18 09:00:00,9,2,310.0,681.8,57.0,142.3,661.9,652.7,561.1500000000001,828.1541666666666,251.16061027915362
2026-03-18 10:00:00,10,2,267.0,648.8,52.0,122.4,681.8,776.8,599.1,822.8208333333333,253.6452503504888
2026-03-18 11:00:00,11,2,267.0,606.3,53.0,161.0,648.8,626.5,600.5,821.9791666666666,254.35753675411902
2026-03-18 12:00:00,12,2,306.0,758.1,54.0,130.8,606.3,616.2,625.3,827.8916666666665,250.9932355171392
2026-03-18 13:00:00,13,2,300.0,667.7,56.0,162.2,758.1,724.8,639.6,825.5124999999999,252.2802553278014
2026-03-18 14:00:00,14,2,343.0,850.6,54.0,154.4,667.7,661.9,836.0,833.375,249.8886017025773
2026-03-18 15:00:00,15,2,355.0,879.1,73.0,169.7,850.6,865.2,820.3,833.9541666666668,249.9816601606334
2026-03-18 16:00:00,16,2,455.0,1088.8,88.0,188.0,879.1,992.2,1017.1,837.9791666666666,253.39477188108356
2026-03-18 17:00:00,17,2,445.0,1021.1,56.0,182.3,1088.8,1272.0,877.4,827.525,239.50502808555115
2026-03-18 18:00:00,18,2,526.0,1233.7,87.0,177.2,1021.1,1176.3,1081.2,829.9166666666666,243.39429393237702
2026-03-18 19:00:00,19,2,486.0,1180.8,85.0,180.7,1233.7,1327.7,1197.0,823.7958333333332,231.90793802932725
2026-03-18 20:00:00,20,2,573.0,1381.7,119.0,198.9,1180.8,1205.5,1234.9,831.1374999999999,246.8263864629298
2026-03-18 21:00:00,21,2,531.0,1266.2,88.0,181.6,1381.7,1036.8,1401.9,840.6958333333333,259.26524353183726
2026-03-18 22:00:00,22,2,517.0,1110.8,51.0,174.3,1266.2,1201.5,1150.6,836.9166666666666,254.39259058574652
2026-03-18 23:00:00,23,2,468.0,1113.5,94.0,179.4,1110.8,997.7,838.15,841.7416666666667,258.63747486742284
2026-03-19 00:00:00,0,3,287.0,575.1,39.0,122.9,1113.5,700.9,525.7,836.5,262.8562923629228
2026-03-19 01:00:00,1,3,298.0,691.2,60.0,148.2,575.1,611.5,616.9,839.8208333333332,260.3819368261977
2026-03-19 02:00:00,2,3,275.0,651.6,51.0,138.4,691.2,570.4,665.0,843.2041666666668,257.2375056824137
2026-03-19 03:00:00,3,3,275.0,617.6,51.0,134.3,651.6,694.1,707.6,840.0166666666665,259.62828221812805
2026-03-19 04:00:00,4,3,272.0,603.3,50.0,123.6,617.6,622.6,688.5,839.2125,260.35984181179055
2026-03-19 05:00:00,5,3,281.0,634.7,58.0,135.8,603.3,624.7,630.9,839.6291666666666,260.0093869194564
2026-03-19 06:00:00,6,3,304.0,626.5,53.0,163.9,634.7,642.6,599.1,838.9583333333334,260.5600171481258
2026-03-19 07:00:00,7,3,294.0,652.4,48.0,145.7,626.5,584.1,639.8,841.8041666666667,258.01599963730985
2026-03-19 08:00:00,8,3,280.0,637.3,55.0,158.9,652.4,661.9,551.7,840.7791666666667,258.80940776390094
2026-03-19 09:00:00,9,3,242.0,576.2,48.0,148.1,637.3,681.8,608.5,836.3791666666667,262.5010343319851
2026-03-19 10:00:00,10,3,304.0,658.0,58.0,134.2,576.2,648.8,699.4,836.7624999999999,262.22176942179186
2026-03-19 11:00:00,11,3,296.0,677.6,46.0,159.3,658.0,606.3,652.8,839.7333333333332,259.8907641209322
2026-03-19 12:00:00,12,3,328.0,772.3,59.0,150.5,677.6,758.1,641.1,840.3249999999999,259.71294061278275
2026-03-19 13:00:00,13,3,339.0,737.5,59.0,147.2,772.3,667.7,847.5,843.2333333333332,258.08148808613396
2026-03-19 14:00:00,14,3,334.0,711.6,66.0,149.1,737.5,850.6,797.4,837.4416666666667,259.4649409452265
2026-03-19 15:00:00,15,3,349.0,743.1,70.0,157.8,711.6,879.1,895.8,831.775,260.00012918056944
2026-03-19 16:00:00,16,3,391.0,1040.8,71.0,164.7,743.1,1088.8,1015.3,829.775,258.1148333085738
2026-03-19 17:00:00,17,3,427.0,962.5,71.0,176.8,1040.8,1021.1,899.3,827.3333333333334,256.4983882764287
2026-03-19 18:00:00,18,3,499.0,1111.9,99.0,193.2,962.5,1233.7,1163.1,822.2583333333333,249.209961969676
2026-03-19 19:00:00,19,3,578.0,1421.1,105.0,189.3,1111.9,1180.8,1302.8,832.2708333333334,268.33481110629134
2026-03-19 20:00:00,20,3,498.0,1271.4,77.0,160.8,1421.1,1381.7,1015.4,827.6750000000001,259.30821219746065
2026-03-19 21:00:00,21,3,551.0,1214.7,96.0,177.2,1271.4,1266.2,1295.6,825.5291666666667,255.7096595396503
2026-03-19 22:00:00,22,3,473.0,1038.7,84.0,162.8,1214.7,1110.8,1203.3,822.5250000000001,252.61731196485258
2026-03-19 23:00:00,23,3,403.0,901.3,59.0,148.0,1038.7,1113.5,1100.2,813.6833333333334,245.60656885895085
2026-03-20 00:00:00,0,4,264.0,640.0,49.0,126.8,901.3,575.1,708.1,816.3874999999999,243.2111165803503
2026-03-20 01:00:00,1,4,313.0,785.7,54.0,136.0,640.0,691.2,553.3,820.3250000000002,241.85745038006928
2026-03-20 02:00:00,2,4,291.0,712.7,49.0,149.8,785.7,651.6,703.5,822.8708333333334,240.3208968444999
2026-03-20 03:00:00,3,4,286.0,699.7,51.0,132.1,712.7,617.6,692.4,826.2916666666666,237.84349607081592
2026-03-20 04:00:00,4,4,270.0,551.7,52.0,142.5,699.7,603.3,670.7,824.1416666666668,240.1687376330061
2026-03-20 05:00:00,5,4,273.0,646.9,51.0,123.9,551.7,634.7,536.8,824.6500000000001,239.76290643956509
2026-03-20 06:00:00,6,4,281.0,607.9,50.0,129.0,646.9,626.5,622.4,823.875,240.46029275392678
2026-03-20 07:00:00,7,4,288.0,739.1,60.0,134.9,607.9,652.4,653.5,827.4875000000001,238.4147305641994
2026-03-20 08:00:00,8,4,316.0,697.9,64.0,157.9,739.1,637.3,651.0,830.0124999999999,236.6271187231446
2026-03-20 09:00:00,9,4,265.0,602.5,58.0,140.8,697.9,576.2,531.2,831.1083333333332,235.45860693487066
2026-03-20 10:00:00,10,4,297.0,760.5,54.0,141.9,602.5,658.0,585.6,835.3791666666666,233.09996545458193
2026-03-20 11:00:00,11,4,311.0,708.8,61.0,126.5,760.5,677.6,658.4,836.6791666666668,232.26728602150766
2026-03-20 12:00:00,12,4,326.0,743.1,45.0,158.4,708.8,772.3,604.8,835.4625000000001,232.69526407710322
2026-03-20 13:00:00,13,4,340.0,702.1,59.0,163.4,743.1,737.5,831.6,833.9875000000001,233.45418191659704
2026-03-20 14:00:00,14,4,402.0,893.6,62.0,140.4,702.1,711.6,839.1,841.5708333333333,232.25870598025574
2026-03-20 15:00:00,15,4,353.0,812.1,53.0,170.1,893.6,743.1,838.0,844.4458333333333,231.41230845316522
2026-03-20 16:00:00,16,4,412.0,899.5,75.0,152.4,812.1,1040.8,929.6,838.5583333333334,227.97141299936547
2026-03-20 17:00:00,17,4,472.0,1037.6,91.0,176.8,899.5,962.5,1163.4,841.6875000000001,230.25064284950085
2026-03-20 18:00:00,18,4,538.0,1246.6,94.0,193.1,1037.6,1111.9,1258.7,847.3000000000001,238.613438522389
2026-03-20 19:00:00,19,4,633.0,1155.2,124.0,220.1,1246.6,1421.1,1189.0,836.2208333333333,215.9052327923091
2026-03-20 20:00:00,20,4,577.0,1302.4,97.0,210.4,1155.2,1271.4,1187.8,837.5124999999999,218.696600066015
2026-03-20 21:00:00,21,4,542.0,1233.2,107.0,192.0,1302.4,1214.7,1255.4,838.2833333333333,220.1118878852424
2026-03-20 22:00:00,22,4,498.0,1219.0,80.0,176.6,1233.2,1038.7,1344.6,845.7958333333332,230.09982990218433
2026-03-20 23:00:00,23,4,469.0,1031.0,90.0,170.1,1219.0,901.3,1053.0,851.1999999999999,232.96532490629434
2026-03-21 00:00:00,0,5,247.0,602.5,37.0,125.8,1031.0,640.0,554.3,849.6374999999999,234.5637056555622
2026-03-21 01:00:00,1,5,201.0,453.2,42.0,120.2,602.5,785.7,440.4,835.7833333333333,247.94207013923088
2026-03-21 02:00:00,2,5,205.0,435.1,44.0,132.0,453.2,712.7,352.3,824.2166666666666,260.11017175280784
2026-03-21 03:00:00,3,5,232.0,488.3,34.0,117.9,435.1,699.7,455.9,815.4083333333334,267.9707526491692
2026-03-21 04:00:00,4,5,208.0,413.9,39.0,134.8,488.3,551.7,461.7,809.6666666666666,275.2443272987563
2026-03-21 05:00:00,5,5,218.0,601.5,44.0,139.7,413.9,646.9,425.6,807.775,276.5644515652096
2026-03-21 06:00:00,6,5,213.0,521.4,36.0,129.4,601.5,607.9,452.8,804.1708333333335,279.82684627270396
2026-03-21 07:00:00,7,5,225.0,564.3,38.0,133.3,521.4,739.1,506.2,796.8874999999999,283.8402142548883
2026-03-21 08:00:00,8,5,198.0,439.7,26.0,109.9,564.3,697.9,550.1,786.1291666666667,292.51590291836277
2026-03-21 09:00:00,9,5,210.0,490.9,34.0,120.7,439.7,602.5,551.9,781.4791666666666,296.4228310445956
2026-03-21 10:00:00,10,5,228.0,514.0,42.0,126.3,490.9,760.5,558.6,771.2083333333334,301.4099186456398
2026-03-21 11:00:00,11,5,236.0,560.2,40.0,116.0,514.0,708.8,473.1,765.0166666666665,304.2604886072729
2026-03-21 12:00:00,12,5,247.0,485.1,43.0,139.5,560.2,743.1,437.2,754.2666666666668,309.57978063773874
2026-03-21 13:00:00,13,5,233.0,504.6,49.0,159.9,485.1,702.1,572.1,746.0375,313.62526491575676
2026-03-21 14:00:00,14,5,262.0,597.3,42.0,149.4,504.6,893.6,584.6,733.6916666666666,313.3957519157544
2026-03-21 15:00:00,15,5,284.0,688.1,47.0,132.3,597.3,812.1,517.0,728.5250000000001,313.06887039227666
2026-03-21 16:00:00,16,5,363.0,972.5,55.0,156.2,688.1,899.5,642.6,731.5666666666667,315.1499307323106
2026-03-21 17:00:00,17,5,407.0,1060.9,75.0,177.1,972.5,1037.6,790.1,732.5374999999999,316.16791330268535
2026-03-21 18:00:00,18,5,385.0,850.5,86.0,167.3,1060.9,1246.6,782.5,716.0333333333333,297.9821291207963
2026-03-21 19:00:00,19,5,395.0,989.2,68.0,154.0,850.5,1155.2,1058.5,709.1166666666667,289.140520473542
2026-03-21 20:00:00,20,5,504.0,1125.6,77.0,190.5,989.2,1302.4,958.1,701.75,275.2881778601578
2026-03-21 21:00:00,21,5,415.0,882.3,63.0,158.6,1125.6,1233.2,853.9,687.1291666666667,254.35776836910426
2026-03-21 22:00:00,22,5,360.0,803.7,61.0,142.1,882.3,1219.0,790.3,669.825,229.5143137527422
2026-03-21 23:00:00,23,5,335.0,726.6,65.0,145.4,803.7,1031.0,923.0,657.1416666666668,216.74289300151833
2026-03-22 00:00:00,0,6,218.0,493.3,45.0,110.0,726.6,602.5,468.8,652.5916666666667,219.07350348122256
2026-03-22 01:00:00,1,6,225.0,510.0,46.0,114.7,493.3,453.2,546.0,654.9583333333334,217.12393959425225
2026-03-22 02:00:00,2,6,250.0,550.7,43.0,125.8,510.0,435.1,507.5,659.775,213.28281132969104
2026-03-22 03:00:00,3,6,220.0,522.3,41.0,132.5,550.7,488.3,481.0,661.1916666666667,212.20451152165887
2026-03-22 04:00:00,4,6,206.0,548.6,45.0,122.3,522.3,413.9,589.5,666.8041666666667,207.0995422898553
2026-03-22 05:00:00,5,6,192.0,433.4,29.0,132.2,548.6,601.5,471.9,659.8000000000001,212.1843476585992
2026-03-22 06:00:00,6,6,232.0,480.8,43.0,113.6,433.4,521.4,483.0,658.1083333333333,213.49353908698268
2026-03-22 07:00:00,7,6,224.0,466.5,39.0,150.7,480.8,564.3,431.7,654.0333333333334,216.27714841734254
2026-03-22 08:00:00,8,6,194.0,413.7,38.0,115.4,466.5,439.7,459.4,652.9499999999999,217.45930953709203
2026-03-22 09:00:00,9,6,210.0,499.4,34.0,123.6,413.7,490.9,549.5,653.3041666666667,217.19066654453397
2026-03-22 10:00:00,10,6,215.0,476.8,41.0,121.8,499.4,514.0,549.6,651.7541666666667,218.35765232689036
2026-03-22 11:00:00,11,6,215.0,483.6,41.0,105.7,476.8,560.2,462.3,648.5625000000001,220.3051891324774
2026-03-22 12:00:00,12,6,224.0,479.3,44.0,129.1,483.6,485.1,522.8,648.3208333333333,220.49539673626987
2026-03-22 13:00:00,13,6,226.0,508.6,36.0,117.9,479.3,504.6,672.5,648.4875000000001,220.3835220552554
2026-03-22 14:00:00,14,6,276.0,691.2,51.0,148.3,508.6,597.3,491.9,652.4,220.2687528413003
2026-03-22 15:00:00,15,6,290.0,705.3,49.0,162.9,691.2,688.1,624.3,653.1166666666667,220.41788704081438
2026-03-22 16:00:00,16,6,296.0,740.7,45.0,125.0,705.3,972.5,750.0,643.4583333333334,210.67792834740578
2026-03-22 17:00:00,17,6,356.0,822.4,75.0,151.2,740.7,1060.9,678.2,633.5208333333334,195.18684911858603
2026-03-22 18:00:00,18,6,373.0,863.0,64.0,158.8,822.4,850.5,939.1,634.0416666666666,195.80669908304512
2026-03-22 19:00:00,19,6,425.0,1036.3,94.0,167.1,863.0,989.2,914.9,636.0041666666667,199.7180566593771
2026-03-22 20:00:00,20,6,365.0,780.0,75.0,160.2,1036.3,1125.6,889.6,621.6041666666666,173.6390596189794
2026-03-22 21:00:00,21,6,422.0,987.6,75.0,182.0,780.0,882.3,868.2,625.9916666666667,181.6579033254013
2026-03-22 22:00:00,22,6,402.0,946.1,58.0,134.7,987.6,803.7,1045.6,631.9250000000001,189.855190239484
2026-03-22 23:00:00,23,6,355.0,801.9,82.0,144.5,946.1,726.6,646.9,635.0625,192.09675282433392
2026-03-23 00:00:00,0,0,268.0,612.1,41.0,124.7,801.9,493.3,557.6,640.0125,189.80188140475224
2026-03-23 01:00:00,1,0,274.0,578.8,51.0,120.1,612.1,510.0,684.2,642.8791666666667,188.2662129496602
2026-03-23 02:00:00,2,0,342.0,799.4,68.0,148.8,578.8,550.7,717.1,653.2416666666667,189.81002611688794
2026-03-23 03:00:00,3,0,322.0,792.0,54.0,151.9,799.4,522.3,665.5,664.4791666666666,189.70433053929784
2026-03-23 04:00:00,4,0,265.0,693.2,42.0,114.5,792.0,548.6,556.6,670.5041666666667,188.15390896855092
2026-03-23 05:00:00,5,0,338.0,663.4,58.0,171.4,693.2,433.4,642.9,680.0875,181.2842430921094
2026-03-23 06:00:00,6,0,244.0,532.1,47.0,139.1,663.4,480.8,630.3,682.225,179.12184400569555
2026-03-23 07:00:00,7,0,249.0,517.9,41.0,123.3,532.1,466.5,621.7,684.3666666666667,176.72158812704703
2026-03-23 08:00:00,8,0,274.0,671.7,51.0,137.7,517.9,413.7,664.7,695.1166666666667,167.12771129905002
2026-03-23 09:00:00,9,0,246.0,568.9,35.0,110.6,671.7,499.4,565.7,698.0124999999999,164.16492585334848
2026-03-23 10:00:00,10,0,330.0,744.5,58.0,137.7,568.9,476.8,669.1,709.1666666666666,157.4377687039971
2026-03-23 11:00:00,11,0,274.0,660.6,43.0,138.6,744.5,483.6,734.0,716.5416666666666,150.40033509637516
2026-03-23 12:00:00,12,0,333.0,804.6,51.0,144.9,660.6,479.3,685.5,730.0958333333334,142.5432794053216
2026-03-23 13:00:00,13,0,271.0,650.0,51.0,131.9,804.6,508.6,735.7,735.9875000000001,135.75062594939487
2026-03-23 14:00:00,14,0,329.0,682.9,46.0,155.8,650.0,691.2,845.3,735.6416666666665,135.88019632611494
2026-03-23 15:00:00,15,0,375.0,803.2,62.0,169.5,682.9,705.3,871.9,739.7208333333333,136.39823401625824
2026-03-23 16:00:00,16,0,415.0,938.5,82.0,170.4,803.2,740.7,849.3,747.9625,142.30784088056154
2026-03-23 17:00:00,17,0,443.0,980.9,62.0,181.8,938.5,822.4,891.1,754.5666666666667,149.41293427122181
2026-03-23 18:00:00,18,0,475.0,1021.1,89.0,190.4,980.9,863.0,1125.0,761.1541666666667,157.65922518594354
2026-03-23 19:00:00,19,0,554.0,1091.1,89.0,192.4,1021.1,1036.3,1032.8,763.4375,162.15020093433012
2026-03-23 20:00:00,20,0,536.0,1101.9,96.0,197.9,1091.1,780.0,927.5,776.85,176.2775578209104
2026-03-23 21:00:00,21,0,504.0,1103.1,85.0,180.9,1101.9,987.6,1263.0,781.6625,183.70161726229477
2026-03-23 22:00:00,22,0,578.0,1174.9,101.0,204.1,1103.1,946.1,1130.5,791.1958333333333,197.98763132023439
2026-03-23 23:00:00,23,0,521.0,1424.4,103.0,175.7,1174.9,801.9,1186.2,817.1333333333333,236.48386224317517
2026-03-24 00:00:00,0,1,237.0,513.8,37.0,165.4,1424.4,612.1,647.8,813.0375,240.99756594928104
2026-03-24 01:00:00,1,1,269.0,651.9,48.0,140.7,513.8,578.8,591.7,816.0833333333334,238.35591339271434
2026-03-24 02:00:00,2,1,269.0,665.4,45.0,127.8,651.9,799.4,581.6,810.5,240.3249991519632
2026-03-24 03:00:00,3,1,280.0,658.7,47.0,131.7,665.4,792.0,624.4,804.9458333333333,242.3033527718769
2026-03-24 04:00:00,4,1,306.0,745.5,58.0,156.0,658.7,693.2,651.1,807.125,241.48847708579643
2026-03-24 05:00:00,5,1,300.0,645.5,54.0,135.4,745.5,663.4,533.0,806.3791666666666,241.97881326438565
2026-03-24 06:00:00,6,1,312.0,807.9,63.0,132.7,645.5,532.1,593.6,817.8708333333334,234.83018930276145
2026-03-24 07:00:00,7,1,290.0,687.2,48.0,97.2,807.9,517.9,670.4,824.9249999999998,227.86705744702311
2026-03-24 08:00:00,8,1,305.0,646.9,67.0,133.8,687.2,671.7,725.0,823.8916666666668,228.64701086983374
2026-03-24 09:00:00,9,1,263.0,564.9,40.0,131.6,646.9,568.9,652.7,823.725,228.84233655510454
2026-03-24 10:00:00,10,1,266.0,596.8,46.0,143.3,564.9,744.5,776.8,817.5708333333333,233.01354034022108
2026-03-24 11:00:00,11,1,301.0,662.0,57.0,102.3,596.8,660.6,626.5,817.6291666666667,232.97270689030697
2026-03-24 12:00:00,12,1,342.0,861.6,73.0,158.0,662.0,804.6,616.2,820.0041666666666,233.1245971749244
2026-03-24 13:00:00,13,1,327.0,713.8,47.0,165.6,861.6,650.0,724.8,822.6624999999999,231.45955569799398
2026-03-24 14:00:00,14,1,389.0,950.3,68.0,137.0,713.8,682.9,661.9,833.8041666666668,230.87448025725496
2026-03-24 15:00:00,15,1,391.0,913.1,52.0,164.6,950.3,803.2,865.2,838.3833333333333,231.33051391173254
2026-03-24 16:00:00,16,1,439.0,1042.2,75.0,166.7,913.1,938.5,992.2,842.7041666666668,234.2320820100296
2026-03-24 17:00:00,17,1,476.0,1139.6,91.0,180.5,1042.2,980.9,1272.0,849.3166666666666,240.46033871046836
2026-03-24 18:00:00,18,1,473.0,845.4,74.0,170.1,1139.6,1021.1,1176.3,841.9958333333334,237.661301708355
2026-03-24 19:00:00,19,1,466.0,1005.2,80.0,167.7,845.4,1091.1,1327.7,838.4166666666669,234.37074247340655
2026-03-24 20:00:00,20,1,514.0,1118.5,112.0,195.3,1005.2,1101.9,1205.5,839.1083333333332,235.20514249899094
2026-03-24 21:00:00,21,1,545.0,1269.3,93.0,192.6,1118.5,1103.1,1036.8,846.0333333333334,245.5354303073824
2026-03-24 22:00:00,22,1,553.0,1323.1,101.0,190.0,1269.3,1174.9,1201.5,852.2083333333334,255.81413755110177
2026-03-24 23:00:00,23,1,456.0,1003.9,71.0,180.3,1323.1,1424.4,997.7,834.6875,227.7851415402712
2026-03-25 00:00:00,0,2,307.0,671.1,61.0,131.0,1003.9,513.8,700.9,841.2416666666667,220.29039513425317
2026-03-25 01:00:00,1,2,363.0,824.6,70.0,140.2,671.1,651.9,611.5,848.4374999999999,216.62677744572875
2026-03-25 02:00:00,2,2,280.0,632.4,55.0,133.5,824.6,665.4,570.4,847.0625,217.9398397494124
2026-03-25 03:00:00,3,2,299.0,727.4,51.0,139.9,632.4,658.7,694.1,849.9250000000001,215.79890246325945
2026-03-25 04:00:00,4,2,261.0,619.0,42.0,107.2,727.4,745.5,622.6,844.6541666666667,219.96500112748407
2026-03-25 05:00:00,5,2,291.0,625.1,57.0,141.4,619.0,645.5,624.7,843.8041666666667,220.80585113381193
2026-03-25 06:00:00,6,2,278.0,664.5,54.0,148.7,625.1,807.9,642.6,837.8291666666665,223.74035899397597
2026-03-25 07:00:00,7,2,272.0,644.4,47.0,140.8,664.5,687.2,584.1,836.0458333333335,225.1592267112055
2026-03-25 08:00:00,8,2,289.0,659.3,59.0,137.6,644.4,646.9,661.9,836.5625,224.7201270227704
2026-03-25 09:00:00,9,2,316.0,712.9,58.0,116.1,659.3,564.9,681.8,842.7291666666665,218.8963770712689
2026-03-25 10:00:00,10,2,303.0,642.1,50.0,138.7,712.9,596.8,648.8,844.6166666666667,216.86950126679807
2026-03-25 11:00:00,11,2,322.0,658.0,55.0,142.9,642.1,662.0,606.3,844.4499999999999,217.0174326798566
2026-03-25 12:00:00,12,2,292.0,777.4,55.0,140.1,658.0,861.6,758.1,840.9416666666666,217.40837133729656
2026-03-25 13:00:00,13,2,349.0,726.5,61.0,147.0,777.4,713.8,667.7,841.4708333333333,217.10069488837223
2026-03-25 14:00:00,14,2,390.0,766.4,64.0,151.1,726.5,950.3,850.6,833.8083333333334,216.33660149158115
2026-03-25 15:00:00,15,2,405.0,962.3,79.0,166.6,766.4,913.1,879.1,835.8583333333332,217.35136433827552
2026-03-25 16:00:00,16,2,407.0,1034.6,79.0,177.9,962.3,1042.2,1088.8,835.5416666666666,217.04298495652932
2026-03-25 17:00:00,17,2,483.0,1098.6,77.0,168.0,1034.6,1139.6,1021.1,833.8333333333334,214.69435234196516
2026-03-25 18:00:00,18,2,523.0,1260.1,97.0,185.1,1098.6,845.4,1233.7,851.1124999999998,231.68176320585405
2026-03-25 19:00:00,19,2,600.0,1298.3,114.0,199.5,1260.1,1005.2,1180.8,863.3249999999999,247.35226816266882
2026-03-25 20:00:00,20,2,538.0,1406.6,87.0,196.7,1298.3,1118.5,1381.7,875.3291666666668,266.5224820913693
2026-03-25 21:00:00,21,2,477.0,1096.7,78.0,182.8,1406.6,1269.3,1266.2,868.1374999999999,257.60925215037923
2026-03-25 22:00:00,22,2,529.0,1271.1,90.0,190.7,1096.7,1323.1,1110.8,865.9708333333333,253.80695758984604
2026-03-25 23:00:00,23,2,507.0,1190.1,93.0,195.9,1271.1,1003.9,1113.5,873.7291666666666,260.95177045504505
2026-03-26 00:00:00,0,3,284.0,632.7,45.0,127.5,1190.1,671.1,575.1,872.1291666666666,262.36210038992647
2026-03-26 01:00:00,1,3,314.0,756.4,60.0,158.5,632.7,824.6,691.2,869.2875,263.26705454892937
2026-03-26 02:00:00,2,3,290.0,610.9,40.0,140.2,756.4,632.4,651.6,868.3916666666668,264.14329266133257
2026-03-26 03:00:00,3,3,344.0,781.8,73.0,138.3,610.9,727.4,617.6,870.6583333333333,263.1122076996411
2026-03-26 04:00:00,4,3,253.0,602.1,44.0,137.8,781.8,619.0,603.3,869.9541666666665,263.8366210187265
2026-03-26 05:00:00,5,3,320.0,823.5,48.0,145.6,602.1,625.1,634.7,878.2208333333333,258.8930331055261
2026-03-26 06:00:00,6,3,342.0,767.2,60.0,151.1,823.5,664.5,626.5,882.5,256.0399442342494
2026-03-26 07:00:00,7,3,270.0,668.6,56.0,151.5,767.2,644.4,652.4,883.5083333333332,255.10744695667532
2026-03-26 08:00:00,8,3,278.0,657.4,54.0,131.8,668.6,659.3,637.3,883.4291666666667,255.18033432332047
2026-03-26 09:00:00,9,3,316.0,790.9,56.0,148.0,657.4,712.9,576.2,886.6791666666668,253.40455879219286
2026-03-26 10:00:00,10,3,283.0,560.5,50.0,152.7,790.9,642.1,658.0,883.2791666666666,257.3456024732463
2026-03-26 11:00:00,11,3,318.0,737.1,56.0,135.6,560.5,658.0,677.6,886.5749999999999,254.82921859977745
2026-03-26 12:00:00,12,3,293.0,570.3,58.0,138.3,737.1,777.4,772.3,877.9458333333333,262.0899281099256
2026-03-26 13:00:00,13,3,357.0,686.5,63.0,167.7,570.3,726.5,737.5,876.2791666666667,263.2196140094326
2026-03-26 14:00:00,14,3,373.0,843.8,52.0,159.8,686.5,766.4,711.6,879.5041666666666,262.28733410909734
2026-03-26 15:00:00,15,3,435.0,1078.9,72.0,174.3,843.8,962.3,743.1,884.3625000000001,264.95396780261115
2026-03-26 16:00:00,16,3,459.0,980.9,91.0,172.4,1078.9,1034.6,1040.8,882.1249999999999,263.85453378708365
2026-03-26 17:00:00,17,3,401.0,920.3,67.0,135.4,980.9,1098.6,962.5,874.6958333333333,259.97602143469663
2026-03-26 18:00:00,18,3,546.0,1336.6,93.0,219.5,920.3,1260.1,1111.9,877.8833333333333,265.32084542020453
2026-03-26 19:00:00,19,3,529.0,1147.2,92.0,205.5,1336.6,1298.3,1421.1,871.5875,256.5590419589006
2026-03-26 20:00:00,20,3,576.0,1448.0,99.0,203.2,1147.2,1406.6,1271.4,873.3125,260.4227371234488
2026-03-26 21:00:00,21,3,507.0,1169.4,92.0,202.4,1448.0,1096.7,1214.7,876.3416666666666,263.53827032811677
2026-03-26 22:00:00,22,3,480.0,1174.1,84.0,172.6,1169.4,1271.1,1038.7,872.3000000000001,257.90455767505273
2026-03-26 23:00:00,23,3,483.0,1070.4,63.0,166.2,1174.1,1190.1,901.3,867.3124999999999,252.59430148224595
2026-03-27 00:00:00,0,4,260.0,881.25,62.5,158.7,1070.4,632.7,640.0,877.6687499999999,247.60298244520442
2026-03-27 01:00:00,1,4,286.0,692.1,62.0,151.2,881.25,756.4,785.7,874.9895833333334,249.3141749310643
2026-03-27 02:00:00,2,4,287.0,699.0,46.0,143.3,692.1,610.9,712.7,878.6604166666666,245.8816837155112
2026-03-27 03:00:00,3,4,289.0,658.5,52.0,160.1,699.0,781.8,699.7,873.5229166666667,249.25843668036586
2026-03-27 04:00:00,4,4,318.0,739.1,64.0,135.5,658.5,602.1,551.7,879.2312499999999,244.29149988438033
2026-03-27 05:00:00,5,4,324.0,699.4,47.0,154.9,739.1,823.5,646.9,874.0604166666667,246.82271008329377
2026-03-27 06:00:00,6,4,255.0,630.4,48.0,136.4,699.4,767.2,607.9,868.3604166666665,250.9429906586112
2026-03-27 07:00:00,7,4,332.0,773.0,59.0,171.1,630.4,668.6,739.1,872.7104166666667,248.2197562378441
2026-03-27 08:00:00,8,4,271.0,575.0,54.0,133.2,773.0,657.4,697.9,869.2770833333333,251.87040317486776
2026-03-27 09:00:00,9,4,301.0,673.0,55.0,160.8,575.0,790.9,602.5,864.3645833333334,254.60050910122098
2026-03-27 10:00:00,10,4,309.0,737.2,61.0,146.6,673.0,560.5,760.5,871.7270833333333,247.89801855635326
2026-03-27 11:00:00,11,4,332.0,749.6,50.0,145.8,737.2,737.1,708.8,872.2479166666667,247.61584003169273
2026-03-27 12:00:00,12,4,331.0,708.8,55.0,148.9,749.6,570.3,743.1,878.0187500000001,241.81886088760243
2026-03-27 13:00:00,13,4,314.0,774.3,57.0,147.1,708.8,686.5,702.1,881.6770833333334,239.44803011489807
2026-03-27 14:00:00,14,4,329.0,653.3,54.0,120.7,774.3,843.8,893.6,873.7395833333334,243.87475268151562
2026-03-27 15:00:00,15,4,395.0,944.3,79.0,149.8,653.3,1078.9,812.1,868.1312499999999,240.47558667217245
2026-03-27 16:00:00,16,4,469.0,1120.6,80.0,175.4,944.3,980.9,899.5,873.9520833333335,244.97259717167472
2026-03-27 17:00:00,17,4,471.0,1058.7,99.0,176.4,1120.6,920.3,1037.6,879.71875,247.72457918654644
2026-03-27 18:00:00,18,4,505.0,1231.7,80.0,176.4,1058.7,1336.6,1246.6,875.3479166666666,240.12166910491703
2026-03-27 19:00:00,19,4,595.0,1460.3,105.0,201.3,1231.7,1147.2,1155.2,888.3937500000001,262.9534841954804
2026-03-27 20:00:00,20,4,682.0,1354.7,126.0,219.2,1460.3,1448.0,1302.4,884.5062499999999,254.88650172887986
2026-03-27 21:00:00,21,4,570.0,1294.9,118.0,195.0,1354.7,1169.4,1233.2,889.7354166666668,262.16873776384494
2026-03-27 22:00:00,22,4,489.0,1162.3,71.0,186.3,1294.9,1174.1,1219.0,889.24375,261.6227550070889
2026-03-27 23:00:00,23,4,442.0,900.5,76.0,169.4,1162.3,1070.4,1031.0,882.1645833333333,258.7910927164677
2026-03-28 00:00:00,0,5,213.0,466.9,37.0,109.6,900.5,881.25,602.5,864.9000000000001,272.322166943301
2026-03-28 01:00:00,1,5,230.0,490.3,34.0,119.1,466.9,692.1,453.2,856.4916666666667,280.8708397523458
2026-03-28 02:00:00,2,5,238.0,586.4,45.0,119.8,490.3,699.0,435.1,851.8000000000001,284.5325273680222
2026-03-28 03:00:00,3,5,209.0,456.6,44.0,140.9,586.4,658.5,488.3,843.3874999999999,293.34436850331434
2026-03-28 04:00:00,4,5,222.0,516.5,46.0,116.4,456.6,739.1,413.9,834.1125000000001,300.22354470207347
2026-03-28 05:00:00,5,5,203.0,453.8,34.0,114.3,516.5,699.4,601.5,823.8791666666666,309.0703381027161
2026-03-28 06:00:00,6,5,245.0,589.8,53.0,142.0,453.8,630.4,521.4,822.1875,310.2840974676338
2026-03-28 07:00:00,7,5,233.0,581.0,41.0,125.1,589.8,773.0,564.3,814.1875,314.0596098396107
2026-03-28 08:00:00,8,5,214.0,471.2,35.0,116.5,581.0,575.0,439.7,809.8625000000001,318.1843816194025
2026-03-28 09:00:00,9,5,208.0,445.1,38.0,99.8,471.2,673.0,490.9,800.3666666666668,325.7570549360053
2026-03-28 10:00:00,10,5,232.0,524.8,41.0,121.4,445.1,737.2,514.0,791.5166666666668,330.3998482296032
2026-03-28 11:00:00,11,5,222.0,480.1,40.0,123.4,524.8,749.6,560.2,780.2874999999999,336.4113970985913
2026-03-28 12:00:00,12,5,237.0,536.1,41.0,134.5,480.1,708.8,485.1,773.0916666666667,339.83658466292644
2026-03-28 13:00:00,13,5,248.0,545.5,39.0,134.4,536.1,774.3,504.6,763.5583333333334,342.9957585194297
2026-03-28 14:00:00,14,5,283.0,652.4,43.0,149.6,545.5,653.3,597.3,763.5208333333334,343.00838623182733
2026-03-28 15:00:00,15,5,263.0,667.5,44.0,124.9,652.4,944.3,688.1,751.9875000000001,341.3149626810993
2026-03-28 16:00:00,16,5,326.0,760.3,55.0,161.9,667.5,1120.6,972.5,736.9749999999999,332.19891271449995
2026-03-28 17:00:00,17,5,380.0,843.5,69.0,157.3,760.3,1058.7,1060.9,728.0083333333332,325.9835737614999
2026-03-28 18:00:00,18,5,349.0,804.6,61.0,155.6,843.5,1231.7,850.5,710.2125,308.47888140315155
2026-03-28 19:00:00,19,5,413.0,904.5,72.0,158.3,804.6,1460.3,989.2,687.0541666666667,267.9152234166743
2026-03-28 20:00:00,20,5,445.0,1003.0,88.0,182.0,904.5,1354.7,1125.6,672.4,237.7269149401416
2026-03-28 21:00:00,21,5,439.0,1032.7,78.0,171.3,1003.0,1294.9,882.3,661.475,212.56909720596124
2026-03-28 22:00:00,22,5,403.0,1128.2,64.0,147.4,1032.7,1162.3,803.7,660.0541666666667,209.16265561429478
2026-03-28 23:00:00,23,5,404.0,846.1,70.0,171.4,1128.2,900.5,726.6,657.7875,206.72423621084548
2026-03-29 00:00:00,0,6,196.0,462.9,40.0,133.9,846.1,466.9,493.3,657.6208333333333,206.88637498829644
2026-03-29 01:00:00,1,6,253.0,595.5,46.0,126.7,462.9,490.3,510.0,662.0041666666667,204.28528321542566
2026-03-29 02:00:00,2,6,220.0,492.5,39.0,140.9,595.5,586.4,550.7,658.0916666666667,206.68136138735017
2026-03-29 03:00:00,3,6,208.0,436.8,35.0,117.5,492.5,456.6,522.3,657.2666666666667,207.55827189462957
2026-03-29 04:00:00,4,6,249.0,553.7,48.0,141.3,436.8,516.5,548.6,658.8166666666667,206.5980316137295
2026-03-29 05:00:00,5,6,204.0,472.2,31.0,108.8,553.7,453.8,433.4,659.5833333333334,205.83689335653014
2026-03-29 06:00:00,6,6,233.0,595.9,48.0,152.9,472.2,589.8,480.8,659.8375,205.7507267935835
2026-03-29 07:00:00,7,6,227.0,523.0,42.0,142.6,595.9,581.0,466.5,657.4208333333332,207.05347971030537
2026-03-29 08:00:00,8,6,219.0,500.9,42.0,142.6,523.0,471.2,413.7,658.6583333333334,205.97806112949885
2026-03-29 09:00:00,9,6,236.0,558.3,46.0,131.3,500.9,445.1,499.4,663.375,202.1354286653876
2026-03-29 10:00:00,10,6,215.0,484.6,35.0,127.9,558.3,524.8,476.8,661.7,203.49564251290496
2026-03-29 11:00:00,11,6,219.0,438.2,36.0,132.6,484.6,480.1,483.6,659.9541666666667,205.29316255194814
2026-03-29 12:00:00,12,6,269.0,661.1,54.0,113.1,438.2,536.1,479.3,665.1625,203.59293532737877
2026-03-29 13:00:00,13,6,291.0,655.9,61.0,136.9,661.1,545.5,508.6,669.7624999999999,202.01278007893018
2026-03-29 14:00:00,14,6,264.0,635.7,53.0,139.8,655.9,652.4,691.2,669.0666666666667,202.10392648696882
2026-03-29 15:00:00,15,6,297.0,733.6,61.0,129.1,635.7,667.5,705.3,671.8208333333333,202.53158418029645
2026-03-29 16:00:00,16,6,336.0,796.2,59.0,157.6,733.6,760.3,740.7,673.3166666666666,203.34441689915846
2026-03-29 17:00:00,17,6,393.0,925.1,67.0,165.6,796.2,843.5,822.4,676.7166666666666,206.96365290356943
2026-03-29 18:00:00,18,6,377.0,730.9,81.0,172.7,925.1,804.6,863.0,673.6458333333334,205.52544532864297
2026-03-29 19:00:00,19,6,432.0,1070.8,68.0,174.5,730.9,904.5,1036.3,680.5749999999999,216.1744228324832
2026-03-29 20:00:00,20,6,455.0,1087.9,82.0,175.3,1070.8,1003.0,780.0,684.1125000000001,222.28821931369387
2026-03-29 21:00:00,21,6,431.0,1014.8,89.0,155.6,1087.9,1032.7,987.6,683.3666666666667,221.0945925177285
2026-03-29 22:00:00,22,6,415.0,917.1,67.0,135.7,1014.8,1128.2,946.1,674.5708333333333,206.3347438111768
2026-03-29 23:00:00,23,6,374.0,882.3,66.0,132.0,917.1,846.1,801.9,676.0791666666667,207.77047950995797
2026-03-30 00:00:00,0,0,333.0,806.3,58.0,121.7,882.3,462.9,612.1,690.3874999999999,204.2457797179891
2026-03-30 01:00:00,1,0,292.0,765.8,53.0,145.7,806.3,595.5,578.8,697.4833333333332,203.76358565892062
2026-03-30 02:00:00,2,0,309.0,740.1,54.0,152.6,765.8,492.5,799.4,707.8000000000001,199.14975575529033
2026-03-30 03:00:00,3,0,295.0,693.1,48.0,145.8,740.1,436.8,792.0,718.4791666666666,190.67755614300037
2026-03-30 04:00:00,4,0,323.0,740.4,57.0,146.6,693.1,553.7,693.2,726.2583333333333,187.44371657662546
2026-03-30 05:00:00,5,0,231.0,426.7,44.0,118.0,740.4,472.2,663.4,724.3624999999998,190.33285218155473
2026-03-30 06:00:00,6,0,324.0,700.2,66.0,149.5,426.7,595.9,532.1,728.7083333333334,188.4536176741987
2026-03-30 07:00:00,7,0,286.0,662.0,41.0,115.7,700.2,523.0,517.9,734.5,183.93863107025737
2026-03-30 08:00:00,8,0,333.0,729.8,58.0,159.4,662.0,500.9,671.7,744.0374999999999,177.1070244169504
2026-03-30 09:00:00,9,0,306.0,728.6,55.0,133.8,729.8,558.3,568.9,751.1333333333333,172.6985477813789
2026-03-30 10:00:00,10,0,329.0,688.4,50.0,139.8,728.6,484.6,744.5,759.625,163.80462713112
2026-03-30 11:00:00,11,0,324.0,754.5,62.0,145.7,688.4,438.2,660.6,772.8041666666667,148.86215531904608
2026-03-30 12:00:00,12,0,287.0,601.4,51.0,160.4,754.5,661.1,804.6,770.3166666666666,151.288913547288
2026-03-30 13:00:00,13,0,328.0,827.0,57.0,151.1,601.4,655.9,650.0,777.4458333333333,149.68571997519547
2026-03-30 14:00:00,14,0,393.0,906.0,67.0,173.1,827.0,635.7,682.9,788.7083333333334,148.72264503069906
2026-03-30 15:00:00,15,0,416.0,927.5,67.0,187.4,906.0,733.6,803.2,796.7875,150.8502606603782
2026-03-30 16:00:00,16,0,393.0,782.3,67.0,167.4,927.5,796.2,938.5,796.2083333333334,150.87929502309578
2026-03-30 17:00:00,17,0,483.0,989.2,79.0,185.6,782.3,925.1,980.9,798.8791666666666,153.7991970894582
2026-03-30 18:00:00,18,0,525.0,1086.4,96.0,162.9,989.2,730.9,1021.1,813.6916666666667,163.7638355699428
2026-03-30 19:00:00,19,0,442.0,987.4,77.0,192.4,1086.4,1070.8,1091.1,810.2166666666667,158.88302141120434
2026-03-30 20:00:00,20,0,609.0,1446.8,94.0,208.3,987.4,1087.9,1101.9,825.1708333333332,198.18425655712642
2026-03-30 21:00:00,21,0,571.0,1263.9,107.0,184.0,1446.8,1014.8,1103.1,835.5500000000001,214.40611607110233
2026-03-30 22:00:00,22,0,510.0,1146.9,81.0,210.5,1263.9,917.1,1174.9,845.125,223.1589105275103
2026-03-30 23:00:00,23,0,465.0,1167.4,66.0,173.9,1146.9,882.3,1424.4,857.0041666666666,232.6118365509854
2026-03-31 00:00:00,0,1,262.0,547.5,51.0,119.0,1167.4,806.3,513.8,846.2208333333333,240.91504181596397
2026-03-31 01:00:00,1,1,277.0,597.1,52.0,121.5,547.5,765.8,651.9,839.1916666666667,245.77554078726934
2026-03-31 02:00:00,2,1,277.0,603.2,50.0,146.1,597.1,740.1,665.4,833.4874999999998,249.73213356035717
2026-03-31 03:00:00,3,1,291.0,683.8,53.0,124.7,603.2,693.1,658.7,833.1,249.96654384832712
2026-03-31 04:00:00,4,1,265.0,626.8,46.0,139.1,683.8,740.4,745.5,828.3666666666667,252.85706336338134
2026-03-31 05:00:00,5,1,287.0,687.8,52.0,139.0,626.8,426.7,645.5,839.2458333333334,240.1201057789095
2026-03-31 06:00:00,6,1,289.0,759.0,56.0,154.6,687.8,700.2,807.9,841.6958333333333,238.93676529151034
2026-03-31 07:00:00,7,1,289.0,673.7,51.0,139.7,759.0,662.0,687.2,842.1833333333334,238.56584118374832
2026-03-31 08:00:00,8,1,291.0,612.5,58.0,109.3,673.7,729.8,646.9,837.2958333333335,242.14308647927461
2026-03-31 09:00:00,9,1,315.0,689.3,55.0,148.3,612.5,728.6,564.9,835.6583333333333,243.0413221560516
2026-03-31 10:00:00,10,1,318.0,709.9,57.5,142.85000000000002,689.3,688.4,596.8,836.5541666666668,242.5139905944754
2026-03-31 11:00:00,11,1,313.0,730.5,60.0,137.4,709.9,754.5,662.0,835.5541666666668,242.9161977150107
2026-03-31 12:00:00,12,1,341.0,845.6,58.0,153.5,730.5,601.4,861.6,845.7291666666666,237.7410382879471
2026-03-31 13:00:00,13,1,345.0,771.6,52.0,164.5,845.6,827.0,713.8,843.4208333333332,238.19930452781657
2026-03-31 14:00:00,14,1,305.0,729.9,61.0,149.4,771.6,906.0,950.3,836.0833333333334,238.8990684944911
2026-03-31 15:00:00,15,1,338.0,807.8,50.0,128.4,729.9,927.5,913.1,831.0958333333333,238.15591619077205
2026-03-31 16:00:00,16,1,477.0,1128.1,92.0,168.9,807.8,782.3,1042.2,845.5041666666667,245.42488176747474
2026-03-31 17:00:00,17,1,495.0,1218.5,95.0,162.7,1128.1,989.2,1139.6,855.0583333333334,255.51773513987956
2026-03-31 18:00:00,18,1,607.0,1470.2,101.0,199.3,1218.5,1086.4,845.4,871.0499999999998,281.3319948110183
2026-03-31 19:00:00,19,1,537.0,1213.5,88.0,172.8,1470.2,987.4,1005.2,880.4708333333333,289.0766055821994
2026-03-31 20:00:00,20,1,576.0,1323.7,109.0,186.5,1213.5,1446.8,1118.5,875.3416666666667,279.5254906578919
2026-03-31 21:00:00,21,1,557.0,1116.8,118.0,182.8,1323.7,1263.9,1269.3,869.2125,272.1505694384107
2026-03-31 22:00:00,22,1,559.0,1416.8,110.0,196.1,1116.8,1146.9,1323.1,880.4583333333334,289.1684418355885
2026-03-31 23:00:00,23,1,446.0,1033.1,79.0,168.6,1416.8,1167.4,1003.9,874.8625000000001,284.6382415147474
2026-04-01 00:00:00,0,2,338.0,757.1,62.0,140.9,1033.1,547.5,671.1,883.5958333333333,277.27765472170654
2026-04-01 01:00:00,1,2,283.0,633.8,53.0,151.5,757.1,597.1,824.6,885.125,275.72581095371874
2026-04-01 02:00:00,2,2,338.0,754.7,48.0,131.9,633.8,603.2,632.4,891.4375,270.6787969924929
2026-04-01 03:00:00,3,2,279.0,674.4,48.0,143.8,754.7,683.8,727.4,891.0458333333332,270.9989186231679
2026-04-01 04:00:00,4,2,241.0,534.4,43.0,114.0,674.4,626.8,619.0,887.1958333333333,275.5345926032036
2026-04-01 05:00:00,5,2,310.0,677.2,55.0,172.2,534.4,687.8,625.1,886.7541666666666,275.87639320846034
2026-04-01 06:00:00,6,2,284.0,647.7,51.0,136.8,677.2,759.0,664.5,882.1166666666667,279.0347222692598
2026-04-01 07:00:00,7,2,293.0,686.4,46.0,147.6,647.7,673.7,644.4,882.6458333333334,278.6340470147107
2026-04-01 08:00:00,8,2,240.0,531.5,43.0,129.5,686.4,612.5,659.3,879.2708333333334,282.5120766624745
2026-04-01 09:00:00,9,2,354.0,750.4,70.0,157.1,531.5,689.3,712.9,881.8166666666666,280.9969761042084
2026-04-01 10:00:00,10,2,316.0,699.6,43.0,134.6,750.4,709.9,642.1,881.3874999999999,281.27868481740245
2026-04-01 11:00:00,11,2,300.0,581.1,61.0,124.1,699.6,730.5,658.0,875.1624999999999,286.3702829683805
2026-04-01 12:00:00,12,2,295.0,679.0,48.0,119.6,581.1,845.6,777.4,868.2208333333333,289.1240067622039
2026-04-01 13:00:00,13,2,374.0,812.7,61.0,147.3,679.0,771.6,726.5,869.9333333333334,288.648160534082
2026-04-01 14:00:00,14,2,381.0,946.4,61.0,179.0,812.7,729.9,766.4,878.9541666666668,287.46215626797004
2026-04-01 15:00:00,15,2,392.0,924.1,71.0,173.0,946.4,807.8,962.3,883.8000000000001,287.19066231640966
2026-04-01 16:00:00,16,2,438.0,1090.8,86.0,160.9,924.1,1128.1,1034.6,882.2458333333333,285.9091904771064
2026-04-01 17:00:00,17,2,520.0,1268.3,116.0,183.9,1090.8,1218.5,1098.6,884.3208333333332,288.6235037872084
2026-04-01 18:00:00,18,2,558.0,1127.7,102.0,209.0,1268.3,1470.2,1260.1,870.0500000000001,265.9742043719717
2026-04-01 19:00:00,19,2,518.0,1119.1,96.0,168.4,1127.7,1213.5,1298.3,866.1166666666668,261.3317958768717
2026-04-01 20:00:00,20,2,662.0,1636.4,116.0,200.2,1119.1,1323.7,1406.6,879.1458333333334,291.2229654990432
2026-04-01 21:00:00,21,2,505.0,1290.9,81.0,202.6,1636.4,1116.8,1096.7,886.4000000000001,299.4522390603546
2026-04-01 22:00:00,22,2,582.0,1255.9,97.0,228.9,1290.9,1416.8,1271.1,879.6958333333332,288.66824568843646
2026-04-01 23:00:00,23,2,480.0,1167.7,85.0,153.8,1255.9,1033.1,1190.1,885.3041666666667,293.0524414847005
2026-04-02 00:00:00,0,3,278.0,645.6,54.0,145.1,1167.7,757.1,632.7,880.6583333333334,296.04183299671837
2026-04-02 01:00:00,1,3,269.0,606.9,43.0,142.1,645.6,633.8,756.4,879.5374999999999,297.0662403257955
2026-04-02 02:00:00,2,3,300.0,657.6,59.0,141.5,606.9,754.7,610.9,875.4916666666668,299.49167647091843
2026-04-02 03:00:00,3,3,326.0,789.3,71.0,147.5,657.6,674.4,781.8,880.2791666666667,297.0457540209639
2026-04-02 04:00:00,4,3,307.0,651.5,53.0,145.7,789.3,534.4,602.1,885.1583333333333,292.03694661532927
2026-04-02 05:00:00,5,3,280.0,633.3,56.0,160.8,651.5,677.2,823.5,883.3291666666668,293.5297888433211
2026-04-02 06:00:00,6,3,267.0,605.3,45.0,123.5,633.3,647.7,767.2,881.5625,295.1328482189419
2026-04-02 07:00:00,7,3,316.0,748.9,70.0,159.6,605.3,686.4,668.6,884.1666666666666,293.6077191655936
2026-04-02 08:00:00,8,3,259.0,555.9,51.0,168.7,748.9,531.5,657.4,885.1833333333333,292.37310538697307
2026-04-02 09:00:00,9,3,281.0,660.1,45.0,125.7,555.9,750.4,790.9,881.4208333333335,294.7543531104081
2026-04-02 10:00:00,10,3,282.0,659.0,50.0,126.8,660.1,699.6,560.5,879.7291666666666,295.9572890442213
2026-04-02 11:00:00,11,3,296.0,651.8,49.0,148.8,659.0,581.1,737.1,882.6750000000001,293.1945892643859
2026-04-02 12:00:00,12,3,319.0,838.1,57.0,168.9,651.8,679.0,570.3,889.3041666666667,290.17230784958184
2026-04-02 13:00:00,13,3,336.0,760.6,54.0,134.8,838.1,812.7,686.5,887.1333333333333,290.96411950716293
2026-04-02 14:00:00,14,3,373.0,803.9,61.0,155.5,760.6,946.4,843.8,881.1958333333332,291.1560085009939
2026-04-02 15:00:00,15,3,431.0,1005.6,77.0,151.5,803.9,924.1,1078.9,884.5916666666667,292.151744247173
2026-04-02 16:00:00,16,3,471.0,1027.8,84.0,185.8,1005.6,1090.8,980.9,881.9666666666667,290.4967359940337
2026-04-02 17:00:00,17,3,534.0,1160.6,86.0,170.4,1027.8,1268.3,920.3,877.4791666666666,285.0501038782716
2026-04-02 18:00:00,18,3,504.0,1119.1,84.0,189.9,1160.6,1127.7,1336.6,877.1208333333334,284.72710043305227
2026-04-02 19:00:00,19,3,575.0,1330.2,109.0,205.5,1119.1,1119.1,1147.2,885.9166666666666,295.5811529360649
2026-04-02 20:00:00,20,3,503.0,1115.6,84.0,192.7,1330.2,1636.4,1448.0,864.2166666666667,254.32748943843455
2026-04-02 21:00:00,21,3,566.0,1412.0,95.0,186.7,1115.6,1290.9,1169.4,869.2624999999999,264.1716928726778
2026-04-02 22:00:00,22,3,540.0,1231.4,95.0,192.2,1412.0,1255.9,1174.1,868.2416666666668,262.6556448158353
2026-04-02 23:00:00,23,3,502.0,1175.1,90.0,188.7,1231.4,1167.7,1070.4,868.5500000000001,263.0265468499807
2026-04-03 00:00:00,0,4,314.0,763.0,57.0,149.6,1175.1,645.6,881.25,873.4416666666666,259.7714713336312
2026-04-03 01:00:00,1,4,310.0,704.1,56.0,151.3,763.0,606.9,692.1,877.4916666666667,256.1679542743401
2026-04-03 02:00:00,2,4,290.0,744.4,56.0,121.4,704.1,657.6,699.0,881.1083333333332,253.52759890354346
2026-04-03 03:00:00,3,4,283.0,556.4,58.0,144.7,744.4,789.3,658.5,871.4041666666667,261.5256434000232
2026-04-03 04:00:00,4,4,294.0,611.1,59.0,138.8,556.4,651.5,739.1,869.7208333333333,263.12772890939016
2026-04-03 05:00:00,5,4,306.0,720.9,51.0,132.7,611.1,633.3,699.4,873.3708333333334,260.297967185711
2026-04-03 06:00:00,6,4,310.0,722.3,66.0,124.6,720.9,605.3,630.4,878.2458333333334,256.1212161715373
2026-04-03 07:00:00,7,4,305.0,737.5,58.0,145.9,722.3,748.9,773.0,877.7708333333334,256.38196789194023
2026-04-03 08:00:00,8,4,337.0,855.0,60.0,146.5,737.5,555.9,575.0,890.2333333333335,247.15947618221216
2026-04-03 09:00:00,9,4,299.0,709.9,59.0,149.0,855.0,660.1,673.0,892.3083333333333,245.34580549779352
2026-04-03 10:00:00,10,4,284.0,561.8,52.0,125.7,709.9,659.0,737.2,888.2583333333333,250.12034480237074
2026-04-03 11:00:00,11,4,344.0,728.7,70.0,130.6,561.8,651.8,749.6,891.4625,247.43767034653507
2026-04-03 12:00:00,12,4,325.0,705.7,65.0,144.1,728.7,838.1,708.8,885.9458333333333,250.1403049406392
2026-04-03 13:00:00,13,4,321.0,788.1,52.0,147.3,705.7,760.6,774.3,887.0916666666667,249.6035707601771
2026-04-03 14:00:00,14,4,381.0,883.0,81.0,155.4,788.1,803.9,653.3,890.3875000000002,248.97877212202272
2026-04-03 15:00:00,15,4,426.0,990.5,92.0,146.7,883.0,1005.6,944.3,889.7583333333333,248.69388887207836
2026-04-03 16:00:00,16,4,449.0,1028.2,79.0,179.3,990.5,1027.8,1120.6,889.775,248.70355541941834
2026-04-03 17:00:00,17,4,475.0,1035.5,95.0,173.8,1028.2,1160.6,1058.7,884.5625,244.0480223813742
2026-04-03 18:00:00,18,4,514.0,1290.0,95.0,180.8,1035.5,1119.1,1231.7,891.6833333333333,253.49914958551344
2026-04-03 19:00:00,19,4,613.0,1394.7,118.0,204.1,1290.0,1330.2,1460.3,894.3708333333333,258.6400377209948
2026-04-03 20:00:00,20,4,544.0,1388.3,107.0,179.9,1394.7,1115.6,1354.7,905.7333333333332,274.2977209350155
2026-04-03 21:00:00,21,4,592.0,1254.5,121.0,199.8,1388.3,1412.0,1294.9,899.1708333333332,263.32333980532496
2026-04-03 22:00:00,22,4,541.0,1215.0,106.0,179.1,1254.5,1231.4,1162.3,898.4874999999998,262.4435182505712
2026-04-03 23:00:00,23,4,497.0,1002.2,107.0,192.0,1215.0,1175.1,900.5,891.2833333333333,256.8333932417216
2026-04-04 00:00:00,0,5,248.0,548.4,35.0,137.3,1002.2,763.0,466.9,882.3416666666667,265.0964958301942
2026-04-04 01:00:00,1,5,219.0,505.2,37.0,131.3,548.4,704.1,490.3,874.0541666666668,273.8746825119355
2026-04-04 02:00:00,2,5,211.0,501.0,41.0,114.7,505.2,744.4,586.4,863.9125,283.2313224395717
2026-04-04 03:00:00,3,5,221.0,542.5,36.0,124.9,501.0,556.4,456.6,863.3333333333334,283.90090075460216
2026-04-04 04:00:00,4,5,281.0,693.2,53.0,139.1,542.5,611.1,516.5,866.7541666666666,281.21138881502367
2026-04-04 05:00:00,5,5,208.0,460.2,36.0,120.0,693.2,720.9,453.8,855.8916666666665,291.9214782998208
2026-04-04 06:00:00,6,5,212.0,431.0,39.0,101.4,460.2,722.3,589.8,843.7541666666666,303.5419876108623
2026-04-04 07:00:00,7,5,192.0,428.8,34.0,109.8,431.0,737.5,581.0,830.8916666666665,314.5800747119825
2026-04-04 08:00:00,8,5,233.0,489.4,47.0,138.6,428.8,855.0,471.2,815.6583333333333,322.123415339749
2026-04-04 09:00:00,9,5,206.0,449.1,43.0,128.9,489.4,709.9,445.1,804.7916666666666,330.1453262569
2026-04-04 10:00:00,10,5,231.0,540.9,41.0,112.0,449.1,561.8,524.8,803.9208333333332,330.8409705704096
2026-04-04 11:00:00,11,5,253.0,483.6,49.0,133.6,540.9,728.7,480.1,793.7083333333334,336.9896384894869
2026-04-04 12:00:00,12,5,232.0,517.1,55.0,121.6,483.6,705.7,536.1,785.85,341.30255607394514
2026-04-04 13:00:00,13,5,249.0,516.1,52.0,124.8,517.1,788.1,545.5,774.5166666666665,345.71214045499016
2026-04-04 14:00:00,14,5,228.0,486.0,47.0,115.5,516.1,883.0,652.4,757.9749999999999,349.76977055100735
2026-04-04 15:00:00,15,5,325.0,747.4,66.0,156.0,486.0,990.5,667.5,747.8458333333333,346.2454570151402
2026-04-04 16:00:00,16,5,352.0,815.5,61.0,149.8,747.4,1028.2,760.3,738.9833333333335,341.4463897912079
2026-04-04 17:00:00,17,5,389.0,955.5,71.0,169.6,815.5,1035.5,843.5,735.6500000000001,338.80610846092344
2026-04-04 18:00:00,18,5,389.0,961.6,71.0,152.6,955.5,1290.0,804.6,721.9666666666667,321.6409146408691
2026-04-04 19:00:00,19,5,370.0,819.5,63.0,140.2,961.6,1394.7,904.5,698.0,289.11959162407186
2026-04-04 20:00:00,20,5,397.0,919.2,80.0,165.9,819.5,1388.3,1003.0,678.4541666666667,254.16697520770197
2026-04-04 21:00:00,21,5,390.0,952.7,68.0,179.2,919.2,1254.5,1032.7,665.8791666666667,230.8214461047432
2026-04-04 22:00:00,22,5,438.0,974.2,95.0,174.0,952.7,1215.0,1128.2,655.8458333333333,210.22952669624794
2026-04-04 23:00:00,23,5,374.0,859.9,59.0,131.7,974.2,1002.2,846.1,649.9166666666666,201.87723490036075
2026-04-05 00:00:00,0,6,245.0,538.6,38.0,132.0,859.9,548.4,462.9,649.5083333333333,202.10128523281233
2026-04-05 01:00:00,1,6,233.0,512.3,44.0,135.7,538.6,505.2,595.5,649.8041666666667,201.88594601724088
2026-04-05 02:00:00,2,6,259.0,607.3,39.0,147.5,512.3,501.0,492.5,654.2333333333333,199.63288190133605
2026-04-05 03:00:00,3,6,208.0,484.6,41.0,133.0,607.3,542.5,436.8,651.8208333333333,201.38402203181627
2026-04-05 04:00:00,4,6,230.0,543.2,37.0,126.1,484.6,693.2,553.7,645.5708333333333,202.3692073138637
2026-04-05 05:00:00,5,6,234.0,473.7,42.0,134.7,543.2,460.2,472.2,646.1333333333333,201.84964845079892
2026-04-05 06:00:00,6,6,232.0,549.9,51.0,119.8,473.7,431.0,595.9,651.0875,197.75752679019536
2026-04-05 07:00:00,7,6,238.0,533.4,42.0,136.3,549.9,428.8,523.0,655.4458333333333,193.75776445405427
2026-04-05 08:00:00,8,6,219.0,540.5,32.0,124.7,533.4,489.4,500.9,657.5749999999999,192.12769361072023
2026-04-05 09:00:00,9,6,221.0,606.3,40.0,107.2,540.5,449.1,558.3,664.125,187.33111872691913
2026-04-05 10:00:00,10,6,221.0,531.0,42.0,143.8,606.3,540.9,484.6,663.7125,187.62492490512287
2026-04-05 11:00:00,11,6,239.0,554.8,50.0,136.7,531.0,483.6,438.2,666.6791666666667,185.20045304472615
2026-04-05 12:00:00,12,6,210.0,421.0,46.0,131.4,554.8,517.1,661.1,662.675,189.56257484696056
2026-04-05 13:00:00,13,6,259.0,566.7,54.0,123.9,421.0,516.1,655.9,664.7833333333334,188.13750675842437
2026-04-05 14:00:00,14,6,257.0,612.4,49.0,122.9,566.7,486.0,635.7,670.0500000000001,184.6520134928328
2026-04-05 15:00:00,15,6,320.0,749.1,66.0,146.0,612.4,747.4,733.6,670.1208333333333,184.6832987886291
2026-04-05 16:00:00,16,6,352.0,796.9,74.0,152.1,749.1,815.5,796.2,669.3458333333333,184.08476539749304
2026-04-05 17:00:00,17,6,417.0,898.9,62.0,147.1,796.9,955.5,925.1,666.9875,180.58877694556892
2026-04-05 18:00:00,18,6,449.0,1098.7,81.0,184.0,898.9,961.6,730.9,672.7,192.1139856394157
2026-04-05 19:00:00,19,6,421.0,915.2,80.0,171.4,1098.7,819.5,1070.8,676.6875,196.24224451582646
2026-04-05 20:00:00,20,6,414.0,912.7,75.0,156.4,915.2,919.2,1087.9,676.4166666666666,195.8971839171441
2026-04-05 21:00:00,21,6,340.0,717.0,48.0,163.4,912.7,952.7,1014.8,666.5958333333333,187.15734017634696
2026-04-05 22:00:00,22,6,393.0,967.0,60.0,170.3,717.0,974.2,917.1,666.2958333333333,186.64791192339422
2026-04-05 23:00:00,23,6,339.0,851.4,50.0,156.9,967.0,859.9,882.3,665.9416666666667,186.27225963665586
2026-04-06 00:00:00,0,0,292.0,692.2,52.0,127.6,851.4,538.6,806.3,672.3416666666667,184.3354360154749
2026-04-06 01:00:00,1,0,289.0,685.3,44.0,152.6,692.2,512.3,765.8,679.55,181.16018134333083
2026-04-06 02:00:00,2,0,265.0,532.8,44.0,107.4,685.3,607.3,740.1,676.4458333333333,183.08010833741957
2026-04-06 03:00:00,3,0,265.0,637.5,55.0,141.0,532.8,484.6,693.1,682.8166666666666,178.72244127275516
2026-04-06 04:00:00,4,0,290.0,629.0,55.0,141.0,637.5,543.2,740.4,686.3916666666668,176.65442048067453
2026-04-06 05:00:00,5,0,310.0,714.1,49.0,145.3,629.0,473.7,426.7,696.4083333333333,170.78820322937824
2026-04-06 06:00:00,6,0,317.0,752.6,53.0,131.4,714.1,549.9,700.2,704.8541666666666,168.22072451335362
2026-04-06 07:00:00,7,0,280.0,654.8,48.0,129.1,752.6,533.4,662.0,709.9125,164.62786576027486
2026-04-06 08:00:00,8,0,286.0,661.7,45.0,144.5,654.8,540.5,729.8,714.9625000000001,161.02463709010627
2026-04-06 09:00:00,9,0,272.0,651.2,51.0,124.4,661.7,606.3,728.6,716.8333333333334,159.96461474655857
2026-04-06 10:00:00,10,0,333.0,701.8,54.0,155.3,651.2,531.0,688.4,723.9500000000002,155.0618446045779
2026-04-06 11:00:00,11,0,283.0,632.5,58.0,142.4,701.8,554.8,754.5,727.1875,152.16065112242498
2026-04-06 12:00:00,12,0,342.0,819.2,64.0,138.9,632.5,421.0,601.4,743.7791666666666,138.4109476041071
2026-04-06 13:00:00,13,0,388.0,972.3,64.0,154.0,819.2,566.7,827.0,760.6791666666668,140.59418622146313
2026-04-06 14:00:00,14,0,345.0,942.05,72.5,158.7,972.3,612.4,906.0,774.4145833333333,141.5773666810503
2026-04-06 15:00:00,15,0,421.0,911.8,81.0,163.4,942.05,749.1,927.5,781.19375,144.1838231236203
2026-04-06 16:00:00,16,0,422.0,981.6,85.0,165.1,911.8,796.9,782.3,788.8895833333332,149.87545262590112
2026-04-06 17:00:00,17,0,450.0,1043.0,87.0,177.1,981.6,898.9,989.2,794.8937499999998,157.18247379378727
2026-04-06 18:00:00,18,0,548.0,1198.4,95.0,218.1,1043.0,1098.7,1086.4,799.0479166666668,166.59642427863616
2026-04-06 19:00:00,19,0,598.0,1525.1,103.0,203.7,1198.4,915.2,987.4,824.4604166666667,222.29159413157663
2026-04-06 20:00:00,20,0,534.0,1070.6,86.0,201.0,1525.1,912.7,1446.8,831.0395833333333,227.2970987109759
2026-04-06 21:00:00,21,0,566.0,1416.5,106.0,197.4,1070.6,717.0,1263.9,860.1854166666667,255.17621340315935
2026-04-06 22:00:00,22,0,521.0,1260.8,99.0,178.8,1416.5,967.0,1146.9,872.4270833333334,267.2833364652425
2026-04-06 23:00:00,23,0,497.0,1034.2,103.0,170.3,1260.8,851.4,1167.4,880.0437499999999,269.2553981181438
2026-04-07 00:00:00,0,1,311.0,687.3,54.0,145.1,1034.2,692.2,547.5,879.8395833333334,269.40584181521734
2026-04-07 01:00:00,1,1,287.0,721.7,48.0,122.4,687.3,685.3,597.1,881.3562499999999,268.3634740391635
2026-04-07 02:00:00,2,1,302.0,672.5,63.0,132.0,721.7,532.8,603.2,887.1770833333334,261.9120537671256
2026-04-07 03:00:00,3,1,338.0,777.5,73.0,151.6,672.5,637.5,683.8,893.0104166666666,257.63354493103384
2026-04-07 04:00:00,4,1,288.0,691.1,63.0,139.4,777.5,629.0,626.8,895.5979166666666,255.16675130927817
2026-04-07 05:00:00,5,1,322.0,823.7,67.0,123.4,691.1,714.1,687.8,900.1645833333333,252.74655998139053
2026-04-07 06:00:00,6,1,267.0,596.4,50.0,151.7,823.7,752.6,759.0,893.65625,258.6537013882596
2026-04-07 07:00:00,7,1,332.0,741.1,64.0,146.3,596.4,654.8,673.7,897.2520833333333,255.77254989165436
2026-04-07 08:00:00,8,1,331.0,776.2,68.0,168.2,741.1,661.7,612.5,902.0229166666667,252.231200005748
2026-04-07 09:00:00,9,1,281.0,656.5,55.0,159.2,776.2,651.2,689.3,902.2437500000001,252.00426985361895
2026-04-07 10:00:00,10,1,337.0,760.6,60.0,151.4,656.5,701.8,709.9,904.6937499999999,250.2505432876419
2026-04-07 11:00:00,11,1,330.0,644.5,56.0,141.5,760.6,632.5,730.5,905.1937499999999,249.69442555830187
2026-04-07 12:00:00,12,1,366.0,986.7,60.0,155.9,644.5,819.2,845.6,912.1729166666668,249.52715064400007
2026-04-07 13:00:00,13,1,344.0,807.9,70.0,149.3,986.7,972.3,771.6,905.3229166666666,250.06075869465872
2026-04-07 14:00:00,14,1,385.0,884.3,72.0,165.0,807.9,942.05,729.9,902.9166666666666,249.9698184680035
2026-04-07 15:00:00,15,1,427.0,979.3,70.0,180.0,884.3,911.8,807.8,905.7291666666666,250.45337929298225
2026-04-07 16:00:00,16,1,385.0,812.2,63.0,164.8,979.3,981.6,1128.1,898.6708333333335,250.60919078043068
2026-04-07 17:00:00,17,1,470.0,1251.2,80.0,181.2,812.2,1043.0,1218.5,907.3458333333334,259.2760824650142
2026-04-07 18:00:00,18,1,492.0,1189.9,113.0,166.0,1251.2,1198.4,1470.2,906.9916666666667,258.866703850298
2026-04-07 19:00:00,19,1,666.0,1390.8,123.0,211.7,1189.9,1525.1,1213.5,901.3958333333334,246.05905879821975
2026-04-07 20:00:00,20,1,557.0,1305.8,100.0,199.6,1390.8,1070.6,1323.7,911.1958333333333,257.5084725987554
2026-04-07 21:00:00,21,1,563.0,1324.4,96.0,178.9,1305.8,1416.5,1116.8,907.3583333333332,250.23433003394098
2026-04-07 22:00:00,22,1,591.0,1402.5,110.0,197.1,1324.4,1260.8,1416.8,913.2624999999999,260.401337090835
2026-04-07 23:00:00,23,1,586.0,1232.4,112.0,204.4,1402.5,1034.2,1033.1,921.5208333333334,267.45091053705613
2026-04-08 00:00:00,0,2,302.0,645.9,48.0,149.2,1232.4,687.3,757.1,919.7958333333332,269.15534463781404
2026-04-08 01:00:00,1,2,267.0,580.2,54.0,155.6,645.9,721.7,633.8,913.9,275.16594992840055
2026-04-08 02:00:00,2,2,336.0,710.2,62.0,163.3,580.2,672.5,754.7,915.4708333333333,273.83233600645605
2026-04-08 03:00:00,3,2,301.0,730.8,42.0,133.4,710.2,777.5,674.4,913.525,275.01872703034303
2026-04-08 04:00:00,4,2,260.0,620.8,43.0,139.6,730.8,691.1,534.4,910.5958333333333,277.85052515643946
2026-04-08 05:00:00,5,2,334.0,842.9,68.0,163.2,620.8,823.7,677.2,911.3958333333334,277.61699528097995
2026-04-08 06:00:00,6,2,275.0,641.4,54.0,131.9,842.9,596.4,647.7,913.2708333333334,275.54124678083184
2026-04-08 07:00:00,7,2,310.0,697.8,75.0,148.8,641.4,741.1,686.4,911.4666666666667,276.8562076424222
2026-04-08 08:00:00,8,2,316.0,726.5,64.0,139.7,697.8,776.2,531.5,909.3958333333334,278.09506894799034
2026-04-08 09:00:00,9,2,318.0,684.1,63.0,154.4,726.5,656.5,750.4,910.5458333333332,277.05894205599554
2026-04-08 10:00:00,10,2,296.0,694.7,54.0,139.9,684.1,760.6,699.6,907.8000000000001,278.92985248749324
2026-04-08 11:00:00,11,2,342.0,839.4,73.0,159.2,694.7,644.5,581.1,915.9208333333335,273.7192912760548
2026-04-08 12:00:00,12,2,344.0,772.6,49.0,138.4,839.4,986.7,679.0,907.0,274.7989763287037
2026-04-08 13:00:00,13,2,333.0,760.1,68.0,134.3,772.6,807.9,812.7,905.0083333333332,275.7201304988773
2026-04-08 14:00:00,14,2,362.0,860.1,70.0,146.7,760.1,884.3,946.4,904.0,275.8433786865592
2026-04-08 15:00:00,15,2,421.0,969.7,86.0,154.3,860.1,979.3,924.1,903.6,275.7363785117621
2026-04-08 16:00:00,16,2,466.0,997.0,88.0,188.7,969.7,812.2,1090.8,911.3000000000001,275.65331881534115
2026-04-08 17:00:00,17,2,556.0,1148.8,101.0,198.4,997.0,1251.2,1268.3,907.0333333333333,270.9152469214161
2026-04-08 18:00:00,18,2,577.0,1343.6,102.0,216.1,1148.8,1189.9,1127.7,913.4375,279.57103913658887
2026-04-08 19:00:00,19,2,578.0,1421.1,100.0,202.7,1343.6,1390.8,1119.1,914.7000000000002,281.87934668392353
2026-04-08 20:00:00,20,2,486.0,1052.5,94.0,188.2,1421.1,1305.8,1636.4,904.1458333333334,271.13637508627767
2026-04-08 21:00:00,21,2,521.0,1301.4,87.0,185.4,1052.5,1324.4,1290.9,903.1875,269.6228240121003
2026-04-08 22:00:00,22,2,557.0,1295.5,107.0,212.3,1301.4,1402.5,1255.9,898.7291666666666,261.7780199348556
2026-04-08 23:00:00,23,2,547.0,1389.3,88.0,187.9,1295.5,1232.4,1167.7,905.2666666666665,272.22398173541427
2026-04-09 00:00:00,0,3,313.0,698.2,44.0,156.0,1389.3,645.9,645.6,907.4458333333333,270.25971241714177
2026-04-09 01:00:00,1,3,289.0,733.8,51.0,125.4,698.2,580.2,606.9,913.8458333333333,263.9175743841998
2026-04-09 02:00:00,2,3,285.0,592.5,48.0,136.0,733.8,710.2,657.6,908.9416666666666,268.9125830429652
2026-04-09 03:00:00,3,3,315.0,737.6,46.0,158.7,592.5,730.8,789.3,909.225,268.7202412239862
2026-04-09 04:00:00,4,3,312.0,729.8,62.0,166.8,737.6,620.8,651.5,913.7666666666668,264.52191273850946
2026-04-09 05:00:00,5,3,253.0,559.5,45.0,137.5,729.8,842.9,633.3,901.9583333333334,273.97942467442084
2026-04-09 06:00:00,6,3,306.0,743.8,63.0,151.5,559.5,641.4,605.3,906.2249999999999,270.5208490719482
2026-04-09 07:00:00,7,3,281.0,628.9,59.0,117.6,743.8,697.8,748.9,903.3541666666666,273.1813826159647
2026-04-09 08:00:00,8,3,357.0,802.8,70.0,154.6,628.9,726.5,555.9,906.5333333333333,271.47237295047427
2026-04-09 09:00:00,9,3,311.0,698.6,62.0,134.7,802.8,684.1,660.1,907.1374999999999,270.9714934670033
2026-04-09 10:00:00,10,3,335.0,777.5,71.0,152.4,698.6,694.7,659.0,910.5875,268.66644798288115
2026-04-09 11:00:00,11,3,291.0,668.7,53.0,124.8,777.5,839.4,651.8,903.4749999999999,272.8597334353933
2026-04-09 12:00:00,12,3,321.0,763.8,62.0,150.0,668.7,772.6,838.1,903.1083333333332,273.04909562785133
2026-04-09 13:00:00,13,3,364.0,866.0,82.0,170.8,763.8,760.1,760.6,907.5208333333334,271.4888066860145
2026-04-09 14:00:00,14,3,386.0,955.8,78.0,152.8,866.0,860.1,803.9,911.5083333333333,271.4648266377217
2026-04-09 15:00:00,15,3,412.0,1018.5,68.0,153.6,955.8,969.7,1005.6,913.5416666666666,272.1016608559726
2026-04-09 16:00:00,16,3,423.0,946.4,72.0,158.3,1018.5,997.0,1027.8,911.4333333333333,271.62249325226867
2026-04-09 17:00:00,17,3,520.0,1217.4,92.0,204.5,946.4,1148.8,1160.6,914.2916666666666,274.57385941739125
2026-04-09 18:00:00,18,3,518.0,1083.9,87.0,181.0,1217.4,1343.6,1119.1,903.4708333333333,261.73664739691844
2026-04-09 19:00:00,19,3,540.0,1273.7,86.0,194.0,1083.9,1421.1,1330.2,897.3291666666665,250.5527862098831
2026-04-09 20:00:00,20,3,601.0,1248.8,96.0,205.9,1273.7,1052.5,1115.6,905.5083333333332,258.9033946351849
2026-04-09 21:00:00,21,3,550.0,1216.1,112.0,178.5,1248.8,1301.4,1412.0,901.9541666666668,253.76693000564882
2026-04-09 22:00:00,22,3,608.0,1272.0,119.0,170.9,1216.1,1295.5,1231.4,900.975,252.2230418222849
2026-04-09 23:00:00,23,3,455.0,947.3,87.0,158.8,1272.0,1389.3,1175.1,882.5583333333334,230.19114725671264
2026-04-10 00:00:00,0,4,345.0,833.6,66.0,125.4,947.3,698.2,763.0,888.1999999999999,227.1150082150472
2026-04-10 01:00:00,1,4,280.0,620.5,66.0,121.5,833.6,733.8,704.1,883.4791666666666,231.59722154067728
2026-04-10 02:00:00,2,4,253.0,554.2,52.0,144.3,620.5,592.5,744.4,881.8833333333333,233.8107794343738
2026-04-10 03:00:00,3,4,276.0,610.1,46.0,137.2,554.2,737.6,556.4,876.5708333333333,238.63044100279348
2026-04-10 04:00:00,4,4,317.0,726.4,58.0,126.2,610.1,729.8,611.1,876.4291666666667,238.72235369943132
2026-04-10 05:00:00,5,4,306.0,723.7,60.0,125.4,726.4,559.5,720.9,883.2708333333334,231.48772430438387
2026-04-10 06:00:00,6,4,328.0,738.5,49.0,148.0,723.7,743.8,722.3,883.0500000000001,231.62904563678526
2026-04-10 07:00:00,7,4,275.0,677.7,49.0,138.1,738.5,628.9,737.5,885.0833333333334,229.5054715018241
2026-04-10 08:00:00,8,4,303.0,572.6,57.0,155.3,677.7,802.8,855.0,875.4916666666667,237.75588488426686
2026-04-10 09:00:00,9,4,270.0,589.3,47.0,130.8,572.6,698.6,709.9,870.9375,242.29500849440475
2026-04-10 10:00:00,10,4,316.0,719.7,47.0,153.5,589.3,777.5,561.8,868.5291666666667,243.54814269045525
2026-04-10 11:00:00,11,4,294.0,629.3,62.0,138.7,719.7,668.7,728.7,866.8874999999999,245.08164267461223
2026-04-10 12:00:00,12,4,312.0,769.0,42.0,141.1,629.3,763.8,705.7,867.1041666666666,244.98882579516174
2026-04-10 13:00:00,13,4,371.0,825.7,67.0,157.2,769.0,866.0,788.1,865.4250000000001,245.13478856583524
2026-04-10 14:00:00,14,4,364.0,746.5,67.0,157.3,825.7,955.8,883.0,856.7041666666665,245.50256614113727
2026-04-10 15:00:00,15,4,461.0,1089.9,98.0,166.8,746.5,1018.5,990.5,859.6791666666667,247.9686796126478
2026-04-10 16:00:00,16,4,450.0,1092.4,81.0,183.6,1089.9,946.4,1028.2,865.7625000000002,251.94763398718092
2026-04-10 17:00:00,17,4,407.0,1071.3,78.0,151.3,1092.4,1217.4,1035.5,859.6750000000001,244.74408861715716
2026-04-10 18:00:00,18,4,597.0,1377.2,135.0,207.8,1071.3,1083.9,1290.0,871.8958333333334,263.0641589441895
2026-04-10 19:00:00,19,4,616.0,1390.2,113.0,215.9,1377.2,1273.7,1394.7,876.75,271.7327971435865
2026-04-10 20:00:00,20,4,635.0,1646.2,92.0,213.9,1390.2,1248.8,1388.3,893.3083333333334,305.4107866844057
2026-04-10 21:00:00,21,4,556.0,1319.6,109.0,199.3,1646.2,1216.1,1254.5,897.6208333333334,310.8491875060759
2026-04-10 22:00:00,22,4,510.0,1102.6,84.0,181.9,1319.6,1272.0,1215.0,890.5625,303.82253231336136
2026-04-10 23:00:00,23,4,470.0,1138.1,92.0,166.0,1102.6,947.3,1002.2,898.5124999999999,307.8414206563799
2026-04-11 00:00:00,0,5,213.0,503.2,43.0,124.4,1138.1,833.6,548.4,884.7458333333334,318.0877414900346
2026-04-11 01:00:00,1,5,247.0,594.6,43.0,141.5,503.2,620.5,505.2,883.6666666666666,319.06565041596303
2026-04-11 02:00:00,2,5,233.0,512.2,40.0,136.5,594.6,554.2,501.0,881.9166666666666,321.0602106156709
2026-04-11 03:00:00,3,5,250.0,573.3,47.0,110.4,512.2,610.1,542.5,880.3833333333332,322.4994555663295
2026-04-11 04:00:00,4,5,230.0,504.1,50.0,122.5,573.3,726.4,693.2,871.1208333333334,330.21435064695135
2026-04-11 05:00:00,5,5,223.0,518.0,38.0,107.0,504.1,723.7,460.2,862.5500000000001,336.81070028442736
2026-04-11 06:00:00,6,5,237.0,568.0,46.0,128.0,518.0,738.5,431.0,855.4458333333333,341.3090744907167
2026-04-11 07:00:00,7,5,223.0,479.5,39.0,130.7,568.0,677.7,428.8,847.1875,348.1265528417471
2026-04-11 08:00:00,8,5,214.0,486.9,37.0,94.5,479.5,572.6,489.4,843.6166666666667,351.4888206109723
2026-04-11 09:00:00,9,5,217.0,490.7,48.0,116.2,486.9,589.3,449.1,839.5083333333333,355.14780256488456
2026-04-11 10:00:00,10,5,218.0,499.6,38.0,137.4,490.7,719.7,540.9,830.3375000000001,361.1668442730777
2026-04-11 11:00:00,11,5,252.0,611.2,39.0,147.0,499.6,629.3,483.6,829.5833333333334,361.6234994608598
2026-04-11 12:00:00,12,5,237.0,571.9,42.0,123.4,611.2,769.0,517.1,821.3708333333334,365.27877677808283
2026-04-11 13:00:00,13,5,242.0,565.7,45.0,142.8,571.9,825.7,516.1,810.5375,368.9815369629828
2026-04-11 14:00:00,14,5,321.0,742.4,58.0,147.3,565.7,746.5,486.0,810.3666666666667,369.01342224518237
2026-04-11 15:00:00,15,5,353.0,784.2,68.0,159.0,742.4,1089.9,747.4,797.6291666666666,364.1895582381654
2026-04-11 16:00:00,16,5,347.0,890.0,61.0,165.9,784.2,1092.4,815.5,789.1958333333332,359.3785947016184
2026-04-11 17:00:00,17,5,394.0,985.5,75.0,175.6,890.0,1071.3,955.5,785.6208333333333,356.86827673303463
2026-04-11 18:00:00,18,5,416.0,883.3,63.0,174.7,985.5,1377.2,961.6,765.0416666666665,334.83126823581745
2026-04-11 19:00:00,19,5,416.0,1079.3,66.0,171.0,883.3,1390.2,819.5,752.0875000000001,315.0212833562068
2026-04-11 20:00:00,20,5,495.0,1204.5,103.0,179.7,1079.3,1646.2,919.2,733.6833333333334,270.2329263667809
2026-04-11 21:00:00,21,5,404.0,935.0,71.0,174.8,1204.5,1319.6,952.7,717.6583333333333,244.11873788877062
2026-04-11 22:00:00,22,5,401.0,848.9,81.0,157.6,935.0,1102.6,974.2,707.0875,231.91298089266655
2026-04-11 23:00:00,23,5,386.0,829.8,76.0,161.0,848.9,1138.1,859.9,694.2416666666667,214.91653772664048
2026-04-12 00:00:00,0,6,259.0,626.6,46.0,147.5,829.8,503.2,538.6,699.3833333333333,211.5978253908711
2026-04-12 01:00:00,1,6,215.0,514.9,40.0,108.4,626.6,594.6,512.3,696.0625,213.9263989898939
2026-04-12 02:00:00,2,6,255.0,586.8,43.0,124.3,514.9,512.2,607.3,699.1708333333332,211.66879271156543
2026-04-12 03:00:00,3,6,249.0,590.0,45.0,121.1,586.8,573.3,484.6,699.8666666666667,211.26408091310415
2026-04-12 04:00:00,4,6,227.0,564.1,44.0,113.1,590.0,504.1,543.2,702.3666666666667,209.19158821451396
2026-04-12 05:00:00,5,6,218.0,503.4,46.0,124.5,564.1,518.0,473.7,701.7583333333333,209.7714655371979
2026-04-12 06:00:00,6,6,204.0,465.6,44.0,124.5,503.4,568.0,549.9,697.4916666666667,213.61649080754088
2026-04-12 07:00:00,7,6,216.0,511.8,40.0,128.0,465.6,479.5,533.4,698.8375,212.28095372693718
2026-04-12 08:00:00,8,6,243.0,547.5,53.0,137.6,511.8,486.9,540.5,701.3625000000001,209.9985710355124
2026-04-12 09:00:00,9,6,235.0,544.2,40.0,136.7,547.5,490.7,606.3,703.5916666666667,207.93898544204566
2026-04-12 10:00:00,10,6,197.0,458.8,33.0,99.3,544.2,499.6,531.0,701.8916666666665,209.83733848671696
2026-04-12 11:00:00,11,6,246.0,539.7,44.0,133.2,458.8,611.2,554.8,698.9125,211.68038317134128
2026-04-12 12:00:00,12,6,218.0,496.2,43.0,122.8,539.7,571.9,421.0,695.7583333333333,214.20417508346816
2026-04-12 13:00:00,13,6,209.0,496.6,43.0,115.9,496.2,565.7,566.7,692.8791666666666,216.48062264758192
2026-04-12 14:00:00,14,6,280.0,630.0,45.0,150.8,496.6,742.4,612.4,688.1958333333333,216.57851770134283
2026-04-12 15:00:00,15,6,321.0,711.7,62.0,164.2,630.0,784.2,749.1,685.1749999999998,215.68500431638097
2026-04-12 16:00:00,16,6,297.0,708.2,48.0,147.2,711.7,890.0,796.9,677.6,211.3270924420265
2026-04-12 17:00:00,17,6,387.0,755.4,64.0,154.6,708.2,985.5,898.9,668.0125,201.753677435373
2026-04-12 18:00:00,18,6,392.0,836.6,64.0,143.5,755.4,883.3,1098.7,666.0666666666667,199.80280858596927
2026-04-12 19:00:00,19,6,429.0,956.4,74.0,171.5,836.6,1079.3,915.2,660.9458333333333,190.09025769050217
2026-04-12 20:00:00,20,6,466.0,1166.0,96.0,171.5,956.4,1204.5,912.7,659.3416666666667,185.40858034801846
2026-04-12 21:00:00,21,6,438.0,907.0,75.0,171.6,1166.0,935.0,717.0,658.1750000000001,183.67863299086332
2026-04-12 22:00:00,22,6,379.0,889.1,59.0,147.0,907.0,848.9,967.0,659.85,185.66605365080022
2026-04-12 23:00:00,23,6,350.0,685.8,77.0,168.7,889.1,829.8,851.4,653.85,182.23011253095484
2026-04-13 00:00:00,0,0,308.0,715.3,59.0,145.4,685.8,626.6,692.2,657.5458333333332,182.55260582891853
2026-04-13 01:00:00,1,0,291.0,746.0,54.0,134.2,715.3,514.9,685.3,667.175,180.7877021837228
2026-04-13 02:00:00,2,0,326.0,753.5,48.0,147.1,746.0,586.8,532.8,674.1208333333333,180.7677394726692
2026-04-13 03:00:00,3,0,275.0,632.8,51.0,142.2,753.5,590.0,637.5,675.9041666666667,180.11170562632515
2026-04-13 04:00:00,4,0,299.0,787.6,59.0,129.9,632.8,564.1,629.0,685.2166666666667,179.85738956103776
2026-04-13 05:00:00,5,0,312.0,754.9,60.0,157.1,787.6,503.4,714.1,695.6958333333333,176.0907139718109
2026-04-13 06:00:00,6,0,315.0,738.9,66.0,151.7,754.9,465.6,752.6,707.0833333333334,169.26862023748535
2026-04-13 07:00:00,7,0,321.0,832.5,58.0,131.1,738.9,511.8,654.8,720.4458333333333,165.80519208099295
2026-04-13 08:00:00,8,0,301.0,741.6,47.0,126.9,832.5,547.5,661.7,728.5333333333333,161.685251583781
2026-04-13 09:00:00,9,0,334.0,736.8,58.0,147.6,741.6,544.2,651.2,736.5583333333334,156.84563421088532
2026-04-13 10:00:00,10,0,294.0,688.8,44.0,117.4,736.8,458.8,701.8,746.1416666666668,145.77226406629885
2026-04-13 11:00:00,11,0,306.0,620.5,56.0,160.9,688.8,539.7,632.5,749.5083333333333,141.67251863446253
2026-04-13 12:00:00,12,0,342.0,760.8,66.0,157.5,620.5,496.2,819.2,760.5333333333333,130.99627165841767
2026-04-13 13:00:00,13,0,391.0,892.1,78.0,161.2,760.8,496.6,972.3,777.0124999999999,120.83261981298591
2026-04-13 14:00:00,14,0,342.0,781.7,68.0,153.0,892.1,630.0,942.05,783.3333333333334,116.70520895444825
2026-04-13 15:00:00,15,0,407.0,932.2,73.0,169.9,781.7,711.7,911.8,792.5208333333334,119.46739405692888
2026-04-13 16:00:00,16,0,446.0,1159.6,91.0,175.9,932.2,708.2,981.6,811.3291666666665,139.47316550120772
2026-04-13 17:00:00,17,0,506.0,1203.8,94.0,186.8,1159.6,755.4,1043.0,830.0125000000002,160.15498556764788
2026-04-13 18:00:00,18,0,577.0,1383.0,88.0,200.4,1203.8,836.6,1198.4,852.7791666666666,195.96509444988672
2026-04-13 19:00:00,19,0,614.0,1501.0,93.0,178.5,1383.0,956.4,1525.1,875.4708333333334,235.9392340324015
2026-04-13 20:00:00,20,0,603.0,1269.8,115.0,180.6,1501.0,1166.0,1070.6,879.7958333333335,242.3604725971944
2026-04-13 21:00:00,21,0,658.0,1568.1,123.0,217.7,1269.8,907.0,1416.5,907.3416666666667,280.2017734429578
2026-04-13 22:00:00,22,0,582.0,1333.1,94.0,192.3,1568.1,889.1,1260.8,925.8416666666666,293.2963465235405
2026-04-13 23:00:00,23,0,510.0,1034.9,67.0,157.9,1333.1,685.8,1034.2,940.3874999999999,289.50624730437085
2026-04-14 00:00:00,0,1,303.0,746.7,61.0,142.3,1034.9,715.3,687.3,941.6958333333333,288.51405885293656
2026-04-14 01:00:00,1,1,332.0,738.5,38.0,163.1,746.7,746.0,721.7,941.3833333333333,288.73921386466895
2026-04-14 02:00:00,2,1,312.0,715.0,51.0,133.3,738.5,753.5,672.5,939.7791666666667,289.93291424826435
2026-04-14 03:00:00,3,1,323.0,789.9,68.0,150.2,715.0,632.8,777.5,946.3249999999999,284.42194505010605
2026-04-14 04:00:00,4,1,332.0,740.0,65.0,152.7,789.9,787.6,691.1,944.3416666666666,285.73979941725497
2026-04-14 05:00:00,5,1,329.0,874.3,67.0,156.6,740.0,754.9,823.7,949.3166666666667,283.3272829703502
2026-04-14 06:00:00,6,1,353.0,879.7,65.0,137.2,874.3,738.9,596.4,955.1833333333333,280.2215981289978
2026-04-14 07:00:00,7,1,327.0,820.5,57.0,144.4,879.7,832.5,741.1,954.6833333333333,280.4606237054926
2026-04-14 08:00:00,8,1,334.0,742.1,62.0,145.5,820.5,741.6,776.2,954.7041666666668,280.4441252249491
2026-04-14 09:00:00,9,1,329.0,752.6,53.0,163.0,742.1,736.8,656.5,955.3624999999998,279.9284331093253
2026-04-14 10:00:00,10,1,312.0,754.3,57.0,132.3,752.6,688.8,760.6,958.0916666666666,277.52556782592114
2026-04-14 11:00:00,11,1,332.0,732.5,64.0,158.9,754.3,620.5,644.5,962.7583333333332,272.4981801561329
2026-04-14 12:00:00,12,1,356.0,750.8,73.0,168.4,732.5,760.8,986.7,962.3416666666667,272.8278592759543
2026-04-14 13:00:00,13,1,340.0,749.1,64.0,142.4,750.8,892.1,807.9,956.3833333333333,275.9719592981126
2026-04-14 14:00:00,14,1,351.0,787.8,57.0,160.0,749.1,781.7,884.3,956.6374999999999,275.80684295275154
2026-04-14 15:00:00,15,1,470.0,1146.1,87.0,172.6,787.8,932.2,979.3,965.5500000000001,278.42640117195003
2026-04-14 16:00:00,16,1,347.0,787.5,68.0,133.1,1146.1,1159.6,812.2,950.0458333333335,277.50960027132794
2026-04-14 17:00:00,17,1,554.0,1129.9,96.0,201.5,787.5,1203.8,1251.2,946.9666666666667,274.96996621238327
2026-04-14 18:00:00,18,1,517.0,1308.6,84.0,190.5,1129.9,1383.0,1189.9,943.8666666666667,270.2187562547846
2026-04-14 19:00:00,19,1,589.0,1319.5,96.0,208.1,1308.6,1501.0,1390.8,936.3041666666668,256.12058212993816
2026-04-14 20:00:00,20,1,688.0,1362.5,122.0,250.8,1319.5,1269.8,1305.8,940.1666666666666,262.000138842753
2026-04-14 21:00:00,21,1,584.0,1364.7,109.0,213.2,1362.5,1568.1,1324.4,931.6916666666666,243.43717503373338
2026-04-14 22:00:00,22,1,601.0,1312.7,134.0,211.0,1364.7,1333.1,1402.5,930.8416666666667,242.00606337475034
2026-04-14 23:00:00,23,1,501.0,1085.1,82.0,198.8,1312.7,1034.9,1232.4,932.9333333333334,243.15874161375967
2026-04-15 00:00:00,0,2,333.0,735.9,56.0,146.3,1085.1,746.7,645.9,932.4833333333332,243.52809081190512
2026-04-15 01:00:00,1,2,305.0,697.5,61.0,154.0,735.9,738.5,580.2,930.775,245.0868528395217
2026-04-15 02:00:00,2,2,339.0,817.3,56.0,135.9,697.5,715.0,710.2,935.0374999999999,242.0416489717322
2026-04-15 03:00:00,3,2,311.0,751.6,50.0,128.6,817.3,789.9,730.8,933.4416666666667,243.16383619256132
2026-04-15 04:00:00,4,2,316.0,649.0,57.0,141.8,751.6,740.0,620.8,929.6500000000001,246.99069864549568
2026-04-15 05:00:00,5,2,275.0,630.7,54.0,127.0,649.0,874.3,842.9,919.5,254.262467951317
2026-04-15 06:00:00,6,2,355.0,897.9,64.0,161.9,630.7,879.7,641.4,920.2583333333333,254.16572634655958
2026-04-15 07:00:00,7,2,339.0,738.2,64.0,144.9,897.9,820.5,697.8,916.8291666666668,256.1178626084099
2026-04-15 08:00:00,8,2,321.0,748.5,56.0,148.0,738.2,742.1,726.5,917.0958333333333,255.93129084591598
2026-04-15 09:00:00,9,2,246.0,616.6,37.0,119.0,748.5,752.6,684.1,911.4291666666667,261.1835261453315
2026-04-15 10:00:00,10,2,312.0,669.7,41.0,128.8,616.6,754.3,694.7,907.9041666666667,263.9525969945056
2026-04-15 11:00:00,11,2,343.0,810.5,56.0,155.2,669.7,732.5,839.4,911.1541666666667,262.1731787083814
2026-04-15 12:00:00,12,2,297.0,695.3,59.0,145.5,810.5,750.8,772.6,908.8416666666666,263.8882387228177
2026-04-15 13:00:00,13,2,321.0,686.0,57.0,137.9,695.3,749.1,760.1,906.2125,265.8559732874318
2026-04-15 14:00:00,14,2,334.0,733.4,51.0,152.0,686.0,787.8,860.1,903.9458333333333,267.1382559798764
2026-04-15 15:00:00,15,2,412.0,965.5,72.0,177.2,733.4,1146.1,969.7,896.4208333333332,262.5242646825251
2026-04-15 16:00:00,16,2,441.0,1052.9,79.0,178.4,965.5,787.5,997.0,907.4791666666666,263.3252130122939
2026-04-15 17:00:00,17,2,462.0,1046.5,97.0,168.2,1052.9,1129.9,1148.8,904.0041666666667,260.8005909555279
2026-04-15 18:00:00,18,2,614.0,1371.4,98.0,195.7,1046.5,1308.6,1343.6,906.6208333333333,265.3124949599679
2026-04-15 19:00:00,19,2,558.0,1254.7,85.0,199.9,1371.4,1319.5,1421.1,903.9208333333332,261.22633028478765
2026-04-15 20:00:00,20,2,638.0,1463.5,123.0,216.4,1254.7,1362.5,1052.5,908.1291666666666,269.6140921345455
2026-04-15 21:00:00,21,2,560.0,1225.8,91.0,196.0,1463.5,1364.7,1301.4,902.3416666666667,260.73177941536096
2026-04-15 22:00:00,22,2,531.0,1283.8,109.0,193.3,1225.8,1312.7,1295.5,901.1374999999999,258.81385758964643
2026-04-15 23:00:00,23,2,541.0,1316.3,99.0,212.1,1283.8,1085.1,1389.3,910.7708333333334,270.01904679865993
2026-04-16 00:00:00,0,3,320.0,713.1,62.0,149.1,1316.3,735.9,698.2,909.8208333333333,270.7002882688519
2026-04-16 01:00:00,1,3,316.0,760.3,64.0,130.6,713.1,697.5,733.8,912.4375,268.85593978689514
2026-04-16 02:00:00,2,3,318.0,684.5,61.0,153.9,760.3,817.3,592.5,906.9041666666667,272.2443283701409
2026-04-16 03:00:00,3,3,301.0,676.15,59.5,141.4,684.5,751.6,737.6,903.7604166666666,274.5416191538979
2026-04-16 04:00:00,4,3,315.0,667.8,58.0,128.9,676.15,649.0,729.8,904.5437499999999,273.8089651851448
2026-04-16 05:00:00,5,3,312.0,733.4,54.0,142.2,667.8,630.7,559.5,908.8229166666666,270.12085458628786
2026-04-16 06:00:00,6,3,343.0,770.4,47.0,153.1,733.4,897.9,743.8,903.5104166666666,271.59477486616055
2026-04-16 07:00:00,7,3,338.0,793.0,59.0,151.4,770.4,738.2,628.9,905.7937499999999,270.3721663352264
2026-04-16 08:00:00,8,3,309.0,754.4,59.0,151.7,793.0,748.5,802.8,906.0395833333333,270.2255728328858
2026-04-16 09:00:00,9,3,318.0,771.1,59.0,151.6,754.4,616.6,698.6,912.4770833333333,264.8167216820464
2026-04-16 10:00:00,10,3,313.0,752.6,66.0,135.0,771.1,669.7,777.5,915.9312500000001,262.03843304756003
2026-04-16 11:00:00,11,3,340.0,724.4,65.0,160.2,752.6,810.5,668.7,912.34375,264.12569607821814
2026-04-16 12:00:00,12,3,369.0,759.6,66.0,164.5,724.4,695.3,763.8,915.0229166666668,262.1470886399969
2026-04-16 13:00:00,13,3,356.0,721.4,58.0,138.9,759.6,686.0,866.0,916.4979166666667,260.8990586411107
2026-04-16 14:00:00,14,3,438.0,1050.1,78.0,177.8,721.4,733.4,955.8,929.69375,259.23942949918705
2026-04-16 15:00:00,15,3,354.0,843.3,63.0,178.4,1050.1,965.5,1018.5,924.6020833333333,259.70522356634206
2026-04-16 16:00:00,16,3,539.0,1188.7,107.0,197.2,843.3,1052.9,946.4,930.2604166666666,264.06483269272144
2026-04-16 17:00:00,17,3,445.0,1075.4,86.0,165.6,1188.7,1046.5,1217.4,931.4645833333333,264.68311508011465
2026-04-16 18:00:00,18,3,507.0,1130.5,102.0,193.7,1075.4,1371.4,1083.9,921.4270833333334,251.51440229276577
2026-04-16 19:00:00,19,3,440.0,1023.6,101.0,174.0,1130.5,1254.7,1273.7,911.7979166666668,242.46125126509415
2026-04-16 20:00:00,20,3,625.0,1480.9,113.0,204.7,1023.6,1463.5,1248.8,912.5229166666667,244.20242137244574
2026-04-16 21:00:00,21,3,613.0,1472.5,89.0,187.9,1480.9,1225.8,1216.1,922.8020833333334,262.4712698477108
2026-04-16 22:00:00,22,3,525.0,1123.7,92.0,193.5,1472.5,1283.8,1272.0,916.13125,254.82042518148495
2026-04-16 23:00:00,23,3,502.0,1115.0,94.0,173.2,1123.7,1316.3,947.3,907.74375,244.1662545286355
2026-04-17 00:00:00,0,4,322.0,674.8,58.0,140.5,1115.0,713.1,833.6,906.1479166666667,245.61459358602144
2026-04-17 01:00:00,1,4,308.0,717.9,51.0,142.8,674.8,760.3,620.5,904.38125,246.85860361070948
2026-04-17 02:00:00,2,4,267.0,641.5,51.0,134.5,717.9,684.5,554.2,902.5895833333334,248.6732324099422
2026-04-17 03:00:00,3,4,311.0,762.5,57.0,156.9,641.5,676.15,610.1,906.1875,245.86335779558672
2026-04-17 04:00:00,4,4,306.0,737.0,52.0,135.8,762.5,667.8,726.4,909.0708333333333,243.33895393796305
2026-04-17 05:00:00,5,4,297.0,702.1,49.0,132.5,737.0,733.4,723.7,907.7666666666665,244.4029400425621
2026-04-17 06:00:00,6,4,340.0,856.0,66.0,167.4,702.1,770.4,738.5,911.3333333333334,242.93130298710662
2026-04-17 07:00:00,7,4,301.0,733.4,54.0,131.5,856.0,793.0,677.7,908.85,244.49314918827258
2026-04-17 08:00:00,8,4,353.0,766.6,61.0,148.2,733.4,754.4,572.6,909.3583333333332,244.17053540981917
2026-04-17 09:00:00,9,4,292.0,649.7,58.0,119.6,766.6,771.1,589.3,904.3000000000001,248.38047252236586
2026-04-17 10:00:00,10,4,346.0,760.3,58.0,144.5,649.7,752.6,719.7,904.6208333333333,248.18089471919902
2026-04-17 11:00:00,11,4,387.0,875.8,66.0,151.4,760.3,724.4,629.3,910.9291666666667,245.3083604792413
2026-04-17 12:00:00,12,4,336.0,830.1,59.0,151.6,875.8,759.6,769.0,913.8666666666667,243.83513258769096
2026-04-17 13:00:00,13,4,407.0,951.6,73.0,179.8,830.1,721.4,825.7,923.4583333333334,240.43895892931596
2026-04-17 14:00:00,14,4,440.0,1032.6,74.0,174.4,951.6,1050.1,746.5,922.7291666666666,240.06444511416055
2026-04-17 15:00:00,15,4,418.0,1013.9,95.0,178.0,1032.6,843.3,1089.9,929.8375,240.1360136554835
2026-04-17 16:00:00,16,4,500.0,1215.5,89.0,149.1,1013.9,1188.7,1092.4,930.9541666666665,241.45081050790918
2026-04-17 17:00:00,17,4,481.0,1224.6,79.0,180.4,1215.5,1075.4,1071.3,937.1708333333335,247.18423947078887
2026-04-17 18:00:00,18,4,566.0,1384.5,98.0,206.9,1224.6,1130.5,1377.2,947.7541666666667,260.8797957067001
2026-04-17 19:00:00,19,4,664.0,1390.2,122.0,227.3,1384.5,1023.6,1390.2,963.0291666666666,275.8186289372765
2026-04-17 20:00:00,20,4,643.0,1481.9,130.0,201.0,1390.2,1480.9,1646.2,963.0708333333333,275.9003261721206
2026-04-17 21:00:00,21,4,542.0,1275.2,106.0,205.4,1481.9,1472.5,1319.6,954.85,262.68408369386503
2026-04-17 22:00:00,22,4,491.0,1052.8,83.0,151.7,1275.2,1123.7,1102.6,951.8958333333334,261.09649803517175
2026-04-17 23:00:00,23,4,500.0,1057.5,69.0,191.7,1052.8,1115.0,1138.1,949.5,259.79534420301644
2026-04-18 00:00:00,0,5,231.0,599.5,48.0,154.9,1057.5,674.8,503.2,946.3625000000001,263.6826927305825
2026-04-18 01:00:00,1,5,271.0,612.2,44.0,144.2,599.5,717.9,594.6,941.9583333333334,268.5031680108872
2026-04-18 02:00:00,2,5,265.0,583.6,46.0,158.2,612.2,641.5,512.2,939.5458333333332,271.56284240150944
2026-04-18 03:00:00,3,5,227.0,497.4,44.0,106.9,583.6,762.5,573.3,928.5,284.1758595138467
2026-04-18 04:00:00,4,5,238.0,517.9,47.0,131.4,497.4,737.0,504.1,919.3708333333333,293.94661224693186
2026-04-18 05:00:00,5,5,219.0,483.2,41.0,118.9,517.9,702.1,518.0,910.25,304.1987250923728
2026-04-18 06:00:00,6,5,215.0,489.8,35.0,118.3,483.2,856.0,568.0,894.9916666666667,315.9936308062933
2026-04-18 07:00:00,7,5,217.0,511.8,41.0,125.5,489.8,733.4,479.5,885.7583333333333,324.0553695531537
2026-04-18 08:00:00,8,5,212.0,558.9,43.5,134.05,511.8,766.6,486.9,877.1041666666666,330.09310212247664
2026-04-18 09:00:00,9,5,261.0,606.0,46.0,142.6,558.9,649.7,490.7,875.2833333333333,331.5194750219658
2026-04-18 10:00:00,10,5,243.0,532.6,41.0,133.2,606.0,760.3,499.6,865.7958333333335,338.1451405370775
2026-04-18 11:00:00,11,5,237.0,593.2,33.0,123.7,532.6,875.8,611.2,854.0208333333334,342.67172271300836
2026-04-18 12:00:00,12,5,239.0,581.4,48.0,134.5,593.2,830.1,571.9,843.6583333333333,347.1575684308785
2026-04-18 13:00:00,13,5,264.0,569.7,44.0,143.0,581.4,951.6,565.7,827.7458333333334,350.72889688806436
2026-04-18 14:00:00,14,5,313.0,717.1,47.0,161.2,569.7,1032.6,742.4,814.5999999999999,348.62320634174625
2026-04-18 15:00:00,15,5,304.0,715.5,59.0,139.4,717.1,1013.9,784.2,802.1666666666666,346.5210598614983
2026-04-18 16:00:00,16,5,343.0,815.5,60.0,134.9,715.5,1215.5,890.0,785.5,335.2114258195863
2026-04-18 17:00:00,17,5,375.0,874.5,66.0,163.2,815.5,1224.6,985.5,770.9124999999999,322.654695372084
2026-04-18 18:00:00,18,5,474.0,1230.5,82.0,177.0,874.5,1384.5,883.3,764.4958333333333,311.2514773552044
2026-04-18 19:00:00,19,5,394.0,914.9,73.0,151.9,1230.5,1390.2,1079.3,744.6916666666667,283.6014409674974
2026-04-18 20:00:00,20,5,451.0,1032.4,87.0,168.0,914.9,1481.9,1204.5,725.9625,245.01695382777905
2026-04-18 21:00:00,21,5,486.0,1114.4,103.0,193.4,1032.4,1275.2,935.0,719.2624999999999,231.1512375471215
2026-04-18 22:00:00,22,5,391.0,788.0,77.0,170.5,1114.4,1052.8,848.9,708.2291666666666,220.6183532890491
2026-04-18 23:00:00,23,5,313.0,634.7,55.0,142.9,788.0,1057.5,829.8,690.6125000000001,208.0378964484511
2026-04-19 00:00:00,0,6,218.0,502.4,35.0,125.0,634.7,599.5,626.6,686.5666666666667,210.81253090935238
2026-04-19 01:00:00,1,6,226.0,483.7,37.0,120.9,502.4,612.2,514.9,681.2125,214.38493480592342
2026-04-19 02:00:00,2,6,244.0,566.0,55.0,120.0,483.7,583.6,586.8,680.4791666666666,214.76311718641097
2026-04-19 03:00:00,3,6,218.0,477.9,44.0,119.7,566.0,497.4,590.0,679.6666666666666,215.52141155945648
2026-04-19 04:00:00,4,6,269.0,628.0,57.0,147.6,477.9,517.9,564.1,684.2541666666666,213.08642047437135
2026-04-19 05:00:00,5,6,256.0,605.1,50.0,125.4,628.0,483.2,503.4,689.3333333333334,209.50846961538466
2026-04-19 06:00:00,6,6,258.0,584.0,46.0,135.5,605.1,489.8,465.6,693.2583333333333,206.4681466466703
2026-04-19 07:00:00,7,6,219.0,528.2,41.0,132.1,584.0,511.8,511.8,693.9416666666667,205.867741241941
2026-04-19 08:00:00,8,6,225.0,508.8,50.0,143.7,528.2,558.9,547.5,691.8541666666666,207.5437847553632
2026-04-19 09:00:00,9,6,246.0,539.2,36.0,145.8,508.8,606.0,544.2,689.0708333333333,209.1866391093965
2026-04-19 10:00:00,10,6,247.0,600.4,40.0,143.0,539.2,532.6,458.8,691.8958333333334,207.43212714810892
2026-04-19 11:00:00,11,6,230.0,553.1,50.0,131.3,600.4,593.2,539.7,690.225,208.42081438658195
2026-04-19 12:00:00,12,6,273.0,661.7,52.0,148.4,553.1,581.4,496.2,693.5708333333333,207.239050120696
2026-04-19 13:00:00,13,6,251.0,578.3,52.0,140.3,661.7,569.7,496.6,693.9291666666667,207.02287728899745
2026-04-19 14:00:00,14,6,244.0,516.0,38.0,128.9,578.3,717.1,630.0,685.5500000000001,210.09125346527296
2026-04-19 15:00:00,15,6,313.0,711.8,59.0,130.3,516.0,715.5,711.7,685.3958333333334,210.0696768034828
2026-04-19 16:00:00,16,6,361.0,804.2,56.0,139.5,711.8,815.5,708.2,684.9250000000001,209.77785403487934
2026-04-19 17:00:00,17,6,383.0,772.7,65.0,172.1,804.2,874.5,755.4,680.6833333333333,206.7858767918656
2026-04-19 18:00:00,18,6,328.0,682.8,57.0,165.7,772.7,1230.5,836.6,657.8625000000001,170.51027206721557
2026-04-19 19:00:00,19,6,411.0,923.2,70.0,162.9,682.8,914.9,956.4,658.2083333333334,171.0617938607031
2026-04-19 20:00:00,20,6,439.0,1017.7,78.0,185.7,923.2,1032.4,1166.0,657.5958333333333,169.68449105214148
2026-04-19 21:00:00,21,6,459.0,1207.0,98.0,162.0,1017.7,1114.4,907.0,661.4541666666668,181.18602254173422
2026-04-19 22:00:00,22,6,433.0,1065.9,75.0,156.6,1207.0,788.0,889.1,673.0333333333334,197.74790202079052
2026-04-19 23:00:00,23,6,368.0,860.0,63.0,166.0,1065.9,634.7,685.8,682.4208333333333,201.16718545434813
2026-04-20 00:00:00,0,0,621.0,1345.4,118.0,207.0,860.0,502.4,715.3,717.5458333333332,238.50010842977645
2026-04-20 01:00:00,1,0,613.0,1394.1,101.0,205.4,1345.4,483.7,746.0,755.4791666666666,270.00805942748707
2026-04-20 02:00:00,2,0,624.0,1394.2,115.0,226.0,1394.1,566.0,753.5,789.9875000000001,296.3753676212123
2026-04-20 03:00:00,3,0,708.0,1735.7,115.0,218.7,1394.2,477.9,632.8,842.3958333333334,345.86605660619324
2026-04-20 04:00:00,4,0,630.0,1411.8,83.0,214.9,1735.7,628.0,787.6,875.0541666666668,361.39791989387896
2026-04-20 05:00:00,5,0,748.0,1641.5,128.0,240.4,1411.8,605.1,754.9,918.2375000000001,388.6321193426782
2026-04-20 06:00:00,6,0,642.0,1616.7,120.0,187.4,1641.5,584.0,738.9,961.2666666666668,406.76358871148733
2026-04-20 07:00:00,7,0,632.0,1371.1,135.0,211.8,1616.7,528.2,832.5,996.3874999999999,404.12629678109096
2026-04-20 08:00:00,8,0,694.0,1403.9,130.0,217.0,1371.1,508.8,741.6,1033.6833333333334,398.43480909861205
2026-04-20 09:00:00,9,0,669.0,1664.7,120.0,207.7,1403.9,539.2,736.8,1080.5791666666667,403.90183049539905
2026-04-20 10:00:00,10,0,616.0,1442.4,116.0,165.9,1664.7,600.4,688.8,1115.6625000000001,396.8871242584868
2026-04-20 11:00:00,11,0,702.0,1466.8,117.0,226.5,1442.4,553.1,620.5,1153.7333333333333,384.1977306438461
2026-04-20 12:00:00,12,0,734.0,1679.7,137.0,220.7,1466.8,661.7,760.8,1196.15,383.70876523964904
2026-04-20 13:00:00,13,0,797.0,2122.9,151.0,257.1,1679.7,578.3,892.1,1260.5083333333332,404.54293254901734
2026-04-20 14:00:00,14,0,725.0,1564.9,136.0,242.3,2122.9,516.0,781.7,1304.2124999999999,376.285331505917
2026-04-20 15:00:00,15,0,962.0,2152.0,166.0,270.8,1564.9,711.8,932.2,1364.2208333333333,392.2040307301929
2026-04-20 16:00:00,16,0,997.0,2633.7,183.0,289.3,2152.0,804.2,1159.6,1440.4499999999998,451.8774747361369
2026-04-20 17:00:00,17,0,1088.0,2774.0,206.0,302.2,2633.7,772.7,1203.8,1523.8374999999999,504.84724061709
2026-04-20 18:00:00,18,0,1068.0,2438.6,219.0,308.9,2774.0,682.8,1383.0,1596.9958333333334,504.89008229442294
2026-04-20 19:00:00,19,0,1209.0,2572.5,223.0,338.8,2438.6,923.2,1501.0,1665.716666666667,521.1729318830071
2026-04-20 20:00:00,20,0,1183.0,2254.3,186.0,336.1,2572.5,1017.7,1269.8,1717.2416666666666,515.4178169354312
2026-04-20 21:00:00,21,0,1113.0,2405.8,164.0,299.1,2254.3,1207.0,1568.1,1767.1916666666666,521.868010063396
2026-04-20 22:00:00,22,0,1261.0,2656.1,217.0,330.3,2405.8,1065.9,1333.1,1833.45,529.8460432665412
2026-04-20 23:00:00,23,0,986.0,2258.3,185.0,300.1,2656.1,860.0,1034.9,1891.7125000000003,493.80383564510487
2026-04-21 00:00:00,0,1,325.0,735.3,64.0,141.2,2258.3,1345.4,746.7,1866.2916666666667,536.9679173613207
2026-04-21 01:00:00,1,1,303.0,689.3,47.0,156.5,735.3,1394.1,738.5,1836.9250000000002,581.3530434141965
2026-04-21 02:00:00,2,1,321.0,745.7,53.0,150.1,689.3,1394.2,715.0,1809.9041666666665,616.8145683436852
2026-04-21 03:00:00,3,1,316.0,782.1,55.0,145.9,745.7,1735.7,789.9,1770.1708333333333,651.538991111352
2026-04-21 04:00:00,4,1,341.0,791.5,64.0,141.6,782.1,1411.8,740.0,1744.3249999999998,678.1337909868919
2026-04-21 05:00:00,5,1,331.0,782.6,54.0,149.2,791.5,1641.5,874.3,1708.5375000000001,705.891640786744
2026-04-21 06:00:00,6,1,343.0,758.4,67.0,146.2,782.6,1616.7,879.7,1672.7749999999999,732.0056243844223
2026-04-21 07:00:00,7,1,335.0,763.3,60.0,136.8,758.4,1371.1,820.5,1647.45,753.1062001442065
2026-04-21 08:00:00,8,1,356.0,796.6,65.0,145.4,763.3,1403.9,742.1,1622.1458333333333,771.6201960410311
2026-04-21 09:00:00,9,1,313.0,732.1,52.0,153.7,796.6,1664.7,752.6,1583.2874999999997,792.5818889594409
2026-04-21 10:00:00,10,1,306.0,670.9,46.0,156.2,732.1,1442.4,754.3,1551.1416666666667,813.9031113776007
2026-04-21 11:00:00,11,1,333.0,712.0,60.0,155.3,670.9,1466.8,732.5,1519.6916666666666,831.6925403456863
2026-04-21 12:00:00,12,1,352.0,727.1,57.0,141.5,712.0,1679.7,750.8,1480.0,846.3264782730608
2026-04-21 13:00:00,13,1,354.0,902.0,63.0,148.4,727.1,2122.9,749.1,1429.1291666666666,842.6880146186245
2026-04-21 14:00:00,14,1,429.0,1013.0,75.0,153.7,902.0,1564.9,787.8,1406.1333333333332,846.3442981520511
2026-04-21 15:00:00,15,1,439.0,1022.4,82.0,177.3,1013.0,2152.0,1146.1,1359.0666666666668,834.3869687520198
2026-04-21 16:00:00,16,1,477.0,1030.8,86.0,183.4,1022.4,2633.7,787.5,1292.2791666666667,790.9447377931974
2026-04-21 17:00:00,17,1,562.0,1224.0,99.0,176.6,1030.8,2774.0,1129.9,1227.6958333333334,725.2499883723231
2026-04-21 18:00:00,18,1,608.0,1346.3,96.0,215.0,1224.0,2438.6,1308.6,1182.1833333333334,678.7385452098771
2026-04-21 19:00:00,19,1,561.0,1327.0,110.0,192.6,1346.3,2572.5,1319.5,1130.2875000000001,612.1641391940685
2026-04-21 20:00:00,20,1,666.0,1706.2,113.0,235.9,1327.0,2254.3,1362.5,1107.45,577.6597215602288
2026-04-21 21:00:00,21,1,606.0,1505.8,106.0,196.7,1706.2,2405.8,1364.7,1069.95,515.5877751780403
2026-04-21 22:00:00,22,1,504.0,1160.2,92.0,178.0,1505.8,2656.1,1312.7,1007.6208333333334,390.8264587402543
2026-04-21 23:00:00,23,1,480.0,1118.3,85.0,186.7,1160.2,2258.3,1085.1,960.1208333333334,287.9495637889223
2026-04-22 00:00:00,0,2,350.0,740.4,66.0,139.0,1118.3,735.3,735.9,960.3333333333334,287.77826860980446
2026-04-22 01:00:00,1,2,295.0,660.7,55.0,134.2,740.4,689.3,697.5,959.1416666666665,289.0059889806186
2026-04-22 02:00:00,2,2,300.0,761.6,51.0,135.0,660.7,745.7,817.3,959.8041666666667,288.51323905900335
2026-04-22 03:00:00,3,2,355.0,810.1,58.0,155.0,761.6,782.1,751.6,960.9708333333333,287.819187623917
2026-04-22 04:00:00,4,2,330.0,710.8,69.0,156.6,810.1,791.5,649.0,957.6083333333332,290.3454522920334
2026-04-22 05:00:00,5,2,294.0,658.1,52.0,140.1,710.8,782.6,630.7,952.4208333333335,294.6879380827252
2026-04-22 06:00:00,6,2,344.0,798.3,52.0,138.0,658.1,758.4,897.9,954.0833333333334,293.6565113643242
2026-04-22 07:00:00,7,2,306.0,688.4,51.0,127.4,798.3,763.3,738.2,950.9625000000001,296.15954691392227
2026-04-22 08:00:00,8,2,302.0,639.0,57.0,135.6,688.4,796.6,748.5,944.3958333333334,301.43128783560405
2026-04-22 09:00:00,9,2,333.0,761.5,57.0,162.7,639.0,732.1,616.6,945.6208333333334,300.5895829419032
2026-04-22 10:00:00,10,2,314.0,677.7,58.0,149.1,761.5,670.9,669.7,945.9041666666666,300.32246072624264
2026-04-22 11:00:00,11,2,319.0,703.5,61.0,164.4,677.7,712.0,810.5,945.5499999999998,300.61516349269215
2026-04-22 12:00:00,12,2,332.0,706.7,64.0,124.3,703.5,727.1,695.3,944.6999999999999,301.28778240427516
2026-04-22 13:00:00,13,2,335.0,766.9,68.0,152.5,706.7,902.0,686.0,939.0708333333333,303.37511502538507
2026-04-22 14:00:00,14,2,448.0,913.4,84.0,184.8,766.9,1013.0,733.4,934.9208333333332,303.00084083563274
2026-04-22 15:00:00,15,2,447.0,1026.7,81.0,153.1,913.4,1022.4,965.5,935.0999999999999,303.05608320114015
2026-04-22 16:00:00,16,2,503.0,1126.9,83.0,171.0,1026.7,1030.8,1052.9,939.1041666666666,305.00411327114557
2026-04-22 17:00:00,17,2,447.0,962.3,84.0,184.7,1126.9,1224.0,1046.5,928.1999999999999,298.99480146709385
2026-04-22 18:00:00,18,2,556.0,1283.5,96.0,193.4,962.3,1346.3,1371.4,925.5833333333334,295.4302428760403
2026-04-22 19:00:00,19,2,722.0,1612.3,132.0,198.6,1283.5,1327.0,1254.7,937.4708333333333,317.22098932580036
2026-04-22 20:00:00,20,2,547.0,1177.3,91.0,208.2,1612.3,1706.2,1463.5,915.4333333333333,277.36245736152244
2026-04-22 21:00:00,21,2,616.0,1577.2,119.0,208.0,1177.3,1505.8,1225.8,918.4083333333333,284.2670482313138
2026-04-22 22:00:00,22,2,571.0,1405.2,107.0,193.2,1577.2,1160.2,1283.8,928.6166666666667,297.42227580483376
2026-04-22 23:00:00,23,2,529.0,1234.0,84.0,175.2,1405.2,1118.3,1316.3,933.4375,301.5396488638858
2026-04-23 00:00:00,0,3,292.0,719.5,49.0,137.1,1234.0,740.4,713.1,932.5666666666666,302.15093070770985
2026-04-23 01:00:00,1,3,369.0,771.7,70.0,157.6,719.5,660.7,760.3,937.1916666666667,298.6376660431654
2026-04-23 02:00:00,2,3,340.0,738.2,63.0,149.4,771.7,761.6,684.5,936.2166666666667,299.2733891432287
2026-04-23 03:00:00,3,3,350.0,859.4,70.0,152.0,738.2,810.1,676.15,938.2708333333334,298.53839819908325
2026-04-23 04:00:00,4,3,294.0,612.7,56.0,119.8,859.4,710.8,667.8,934.1833333333334,302.43442935282695
2026-04-23 05:00:00,5,3,334.0,800.2,62.0,163.8,612.7,658.1,733.4,940.1041666666666,298.15516893807455
2026-04-23 06:00:00,6,3,338.0,753.8,52.0,141.9,800.2,798.3,770.4,938.25,299.21185747254896
2026-04-23 07:00:00,7,3,332.0,825.4,61.0,133.7,753.8,688.4,793.0,943.9583333333334,295.5220861556646
2026-04-23 08:00:00,8,3,313.0,738.1,59.0,149.2,825.4,639.0,754.4,948.0875,291.7439948526921
2026-04-23 09:00:00,9,3,327.0,757.6,53.0,128.7,738.1,761.5,771.1,947.9249999999998,291.85350740158606
2026-04-23 10:00:00,10,3,344.0,790.3,60.0,146.7,757.6,677.7,752.6,952.6166666666668,288.2028733928289
2026-04-23 11:00:00,11,3,339.0,776.6,56.0,168.2,790.3,703.5,724.4,955.6625,285.83217303393826
2026-04-23 12:00:00,12,3,321.0,766.8,56.0,161.1,776.6,706.7,759.6,958.1666666666666,283.81231806258313
2026-04-23 13:00:00,13,3,344.0,757.8,65.0,150.9,766.8,766.9,721.4,957.7874999999999,284.0849035863241
2026-04-23 14:00:00,14,3,367.0,931.9,67.0,160.2,757.8,913.4,1050.1,958.5583333333334,283.9843074609173
2026-04-23 15:00:00,15,3,372.0,827.4,70.0,154.1,931.9,1026.7,843.3,950.2541666666667,284.81780595773614
2026-04-23 16:00:00,16,3,438.0,1101.9,80.0,177.6,827.4,1126.9,1188.7,949.2125,284.18869009178724
2026-04-23 17:00:00,17,3,479.0,1045.0,89.0,189.5,1101.9,962.3,1075.4,952.6583333333333,284.85487215142507
2026-04-23 18:00:00,18,3,582.0,1437.3,115.0,193.8,1045.0,1283.5,1130.5,959.0666666666666,294.19814332560077
2026-04-23 19:00:00,19,3,634.0,1424.0,114.0,207.6,1437.3,1612.3,1023.6,951.2208333333333,278.08979153466964
2026-04-23 20:00:00,20,3,539.0,1317.5,92.0,199.6,1424.0,1177.3,1480.9,957.0625,284.4453088908286
2026-04-23 21:00:00,21,3,620.0,1432.0,112.0,185.0,1317.5,1577.2,1472.5,951.0124999999999,271.95162023786315
2026-04-23 22:00:00,22,3,480.0,1084.9,93.0,217.5,1432.0,1405.2,1123.7,937.6666666666666,256.09030619594967
2026-04-23 23:00:00,23,3,590.0,1285.7,106.0,191.2,1084.9,1234.0,1115.0,939.8208333333333,258.89346638801993
2026-04-24 00:00:00,0,4,297.0,643.2,56.0,159.6,1285.7,719.5,674.8,936.6416666666668,262.1644106060257
2026-04-24 01:00:00,1,4,326.0,812.6,58.0,151.7,643.2,771.7,717.9,938.3458333333333,261.1766834575458
2026-04-24 02:00:00,2,4,353.0,779.5,58.0,152.5,812.6,738.2,641.5,940.0666666666666,259.9337334727843
2026-04-24 03:00:00,3,4,350.0,849.4,66.0,140.0,779.5,859.4,762.5,939.6500000000001,260.07663753459934
2026-04-24 04:00:00,4,4,310.0,649.2,47.0,132.3,849.4,612.7,737.0,941.1708333333332,258.1814418938836
2026-04-24 05:00:00,5,4,328.0,714.2,62.0,164.9,649.2,800.2,702.1,937.5875,260.80651884440726
2026-04-24 06:00:00,6,4,321.0,737.8,59.0,145.2,714.2,753.8,856.0,936.9208333333332,261.3166877301006
2026-04-24 07:00:00,7,4,329.0,816.7,53.0,145.2,737.8,825.4,733.4,936.5583333333333,261.4840969753486
2026-04-24 08:00:00,8,4,333.0,759.6,58.0,156.0,816.7,738.1,766.6,937.4541666666668,260.8105875737769
2026-04-24 09:00:00,9,4,305.0,765.0,54.0,159.8,759.6,757.6,649.7,937.7625000000002,260.59300069431754
2026-04-24 10:00:00,10,4,324.0,743.5,73.0,150.8,765.0,790.3,760.3,935.8125,261.9161703135913
2026-04-24 11:00:00,11,4,345.0,807.5,68.0,155.3,743.5,776.6,875.8,937.1,261.1743995044705
2026-04-24 12:00:00,12,4,318.0,737.2,62.0,146.2,807.5,766.8,830.1,935.8666666666667,262.0818784549817
2026-04-24 13:00:00,13,4,409.0,1026.9,74.0,179.3,737.2,757.8,951.6,947.0791666666668,259.8796543873562
2026-04-24 14:00:00,14,4,418.0,1032.0,74.0,188.7,1026.9,931.9,1032.6,951.25,260.4281291158494
2026-04-24 15:00:00,15,4,492.0,1243.1,89.0,191.1,1032.0,827.4,1013.9,968.5708333333332,265.60529473370536
2026-04-24 16:00:00,16,4,456.0,1115.0,75.0,164.4,1243.1,1101.9,1215.5,969.1166666666667,265.904498493048
2026-04-24 17:00:00,17,4,521.0,1315.5,106.0,168.1,1115.0,1045.0,1224.6,980.3874999999999,274.84335667161474
2026-04-24 18:00:00,18,4,596.0,1386.8,126.0,199.7,1315.5,1437.3,1384.5,978.2833333333334,271.36449523723815
2026-04-24 19:00:00,19,4,636.0,1472.9,114.0,245.1,1386.8,1424.0,1390.2,980.3208333333333,275.01561375305533
2026-04-24 20:00:00,20,4,613.0,1570.0,110.0,219.6,1472.9,1317.5,1481.9,990.8416666666667,292.7343162793438
2026-04-24 21:00:00,21,4,620.0,1449.1,117.0,207.0,1570.0,1432.0,1275.2,991.5541666666668,293.87335186846116
2026-04-24 22:00:00,22,4,581.0,1430.5,141.0,212.0,1449.1,1084.9,1052.8,1005.9541666666668,306.8280172275596
2026-04-24 23:00:00,23,4,483.0,1159.4,87.0,188.2,1430.5,1285.7,1057.5,1000.6916666666666,302.8790961490352
2026-04-25 00:00:00,0,5,228.0,447.8,35.0,117.7,1159.4,643.2,599.5,992.5499999999998,315.279048242772
2026-04-25 01:00:00,1,5,235.0,519.4,46.0,116.1,447.8,812.6,612.2,980.3333333333334,327.979797451353
2026-04-25 02:00:00,2,5,222.0,480.9,42.0,120.7,519.4,779.5,583.6,967.8916666666668,341.3217109448469
2026-04-25 03:00:00,3,5,226.0,493.5,40.0,112.1,480.9,849.4,497.4,953.0625,354.18253806722043
2026-04-25 04:00:00,4,5,210.0,489.8,45.0,131.8,493.5,649.2,517.9,946.4208333333335,361.54633232362573
2026-04-25 05:00:00,5,5,250.0,641.1,54.0,114.8,489.8,714.2,483.2,943.375,363.88805642490473
2026-04-25 06:00:00,6,5,210.0,472.0,36.0,126.4,641.1,737.8,489.8,932.3000000000001,374.31232483280354
2026-04-25 07:00:00,7,5,252.0,571.9,51.0,137.2,472.0,816.7,511.8,922.1,380.8772094726217
2026-04-25 08:00:00,8,5,247.0,586.0,34.0,130.3,571.9,759.6,558.9,914.8666666666667,385.71517839019367
2026-04-25 09:00:00,9,5,214.0,485.9,39.0,128.1,586.0,765.0,606.0,903.2374999999998,394.53656116743525
2026-04-25 10:00:00,10,5,249.0,563.5,49.0,128.5,485.9,743.5,532.6,895.7374999999998,399.3862005981932
2026-04-25 11:00:00,11,5,208.0,453.2,38.0,124.5,563.5,807.5,593.2,880.9749999999999,409.2165359083978
2026-04-25 12:00:00,12,5,301.0,618.9,53.0,133.6,453.2,737.2,581.4,876.0458333333335,411.728430948664
2026-04-25 13:00:00,13,5,276.0,616.5,42.0,157.0,618.9,1026.9,569.7,858.9458333333333,413.7083692222003
2026-04-25 14:00:00,14,5,295.0,666.6,47.0,132.1,616.5,1032.0,717.1,843.7208333333333,413.78644458345207
2026-04-25 15:00:00,15,5,339.0,835.6,52.0,147.7,666.6,1243.1,715.5,826.7416666666668,404.9522418611925
2026-04-25 16:00:00,16,5,334.0,768.4,61.0,153.0,835.6,1115.0,815.5,812.3000000000001,400.3797501720412
2026-04-25 17:00:00,17,5,428.0,944.9,57.0,168.5,768.4,1315.5,874.5,796.8583333333335,387.0535609679508
2026-04-25 18:00:00,18,5,434.0,1059.5,72.0,154.8,944.9,1386.8,1230.5,783.2208333333333,370.78802567219503
2026-04-25 19:00:00,19,5,454.0,1067.5,81.0,183.7,1059.5,1472.9,914.9,766.3291666666668,346.4375148869056
2026-04-25 20:00:00,20,5,419.0,962.5,66.0,160.8,1067.5,1570.0,1032.4,741.0166666666668,304.8631006614743
2026-04-25 21:00:00,21,5,453.0,1051.7,85.0,157.8,962.5,1449.1,1114.4,724.4583333333334,273.957833817808
2026-04-25 22:00:00,22,5,357.0,863.4,57.0,159.8,1051.7,1430.5,788.0,700.8291666666668,231.5943257530622
2026-04-25 23:00:00,23,5,383.0,839.6,66.0,173.1,863.4,1159.4,634.7,687.5041666666667,212.4735512525857
2026-04-26 00:00:00,0,6,433.0,900.7,74.0,178.4,839.6,447.8,502.4,706.375,210.36025052276617
2026-04-26 01:00:00,1,6,385.0,911.3,67.0,161.5,900.7,519.4,483.7,722.7041666666665,210.4258838417473
2026-04-26 02:00:00,2,6,411.0,939.8,75.0,155.6,911.3,480.9,566.0,741.8249999999999,208.33762366596977
2026-04-26 03:00:00,3,6,393.0,888.8,89.0,144.8,939.8,493.5,477.9,758.2958333333332,203.4197234658627
2026-04-26 04:00:00,4,6,445.0,964.8,59.0,166.9,888.8,489.8,628.0,778.0875000000001,199.2249489189029
2026-04-26 05:00:00,5,6,379.0,849.9,64.0,159.1,964.8,641.1,605.1,786.7874999999999,197.5346140553606
2026-04-26 06:00:00,6,6,445.0,1095.1,72.0,185.0,849.9,472.0,584.0,812.75,195.29759231802487
2026-04-26 07:00:00,7,6,431.0,1047.4,86.0,177.7,1095.1,571.9,528.2,832.5625,193.91588228449416
2026-04-26 08:00:00,8,6,359.0,779.4,59.0,145.7,1047.4,586.0,508.8,840.6208333333334,187.1237906450223
2026-04-26 09:00:00,9,6,403.0,930.4,77.0,181.9,779.4,485.9,539.2,859.1416666666665,171.86358573429374
2026-04-26 10:00:00,10,6,438.0,848.3,77.0,183.5,930.4,563.5,600.4,871.0083333333333,159.98465121125824
2026-04-26 11:00:00,11,6,421.0,1036.2,60.0,164.5,848.3,453.2,553.1,895.2999999999998,136.29403636192387
2026-04-26 12:00:00,12,6,436.0,922.9,91.0,156.0,1036.2,618.9,661.7,907.9666666666667,122.96404800366857
2026-04-26 13:00:00,13,6,411.0,1058.2,76.0,169.1,922.9,616.5,578.3,926.3708333333334,109.79263648060095
2026-04-26 14:00:00,14,6,490.0,1265.6,82.0,172.1,1058.2,666.6,516.0,951.3291666666665,116.07666686538924
2026-04-26 15:00:00,15,6,554.0,1296.8,103.0,182.7,1265.6,835.6,711.8,970.5458333333332,133.02359378554564
2026-04-26 16:00:00,16,6,623.0,1400.3,89.0,225.9,1296.8,768.4,804.2,996.875,152.39817199062918
2026-04-26 17:00:00,17,6,505.0,1185.2,98.0,194.0,1400.3,944.9,772.7,1006.8874999999999,156.66893455419353
2026-04-26 18:00:00,18,6,745.0,1584.1,113.0,244.0,1185.2,1059.5,682.8,1028.7458333333334,195.99000413544732
2026-04-26 19:00:00,19,6,736.0,1773.1,99.0,248.0,1584.1,1067.5,923.2,1058.1458333333333,248.0615701606712
2026-04-26 20:00:00,20,6,768.0,1983.3,140.0,232.7,1773.1,962.5,1017.7,1100.6791666666666,310.58420125440716
2026-04-26 21:00:00,21,6,566.0,1310.8,83.0,192.1,1983.3,1051.7,1207.0,1111.4750000000001,313.2989380212049
2026-04-26 22:00:00,22,6,702.0,1622.2,118.0,214.9,1310.8,863.4,1065.9,1143.0916666666665,325.2357845928201
2026-04-26 23:00:00,23,6,742.0,1680.9,126.0,226.0,1622.2,839.6,860.0,1178.1458333333333,336.2543550442562
2026-04-27 00:00:00,0,0,338.0,777.6,55.0,170.2,1680.9,900.7,1345.4,1173.0166666666667,341.5673702299357
2026-04-27 01:00:00,1,0,350.0,761.2,74.0,142.7,777.6,911.3,1394.1,1166.7625,347.88358724110003
2026-04-27 02:00:00,2,0,318.0,782.5,59.0,124.5,761.2,939.8,1394.2,1160.2083333333333,353.7773494318305
2026-04-27 03:00:00,3,0,323.0,721.5,59.0,132.5,782.5,888.8,1735.7,1153.2375,360.9335598410908
2026-04-27 04:00:00,4,0,349.0,794.1,69.0,156.1,721.5,964.8,1411.8,1146.125,366.44809496618336
2026-04-27 05:00:00,5,0,340.0,842.2,56.0,150.8,794.1,849.9,1641.5,1145.8041666666666,366.721990992541
2026-04-27 06:00:00,6,0,297.0,685.7,60.0,151.4,842.2,1095.1,1616.7,1128.7458333333332,378.51521591282625
2026-04-27 07:00:00,7,0,341.0,810.2,60.0,152.2,685.7,1047.4,1371.1,1118.8625,383.7915340078313
2026-04-27 08:00:00,8,0,340.0,859.3,65.0,158.0,810.2,779.4,1403.9,1122.1916666666666,381.0556594248502
2026-04-27 09:00:00,9,0,309.0,626.3,52.0,132.3,859.3,930.4,1664.7,1109.5208333333333,392.59171509914745
2026-04-27 10:00:00,10,0,335.0,774.6,56.0,155.3,626.3,848.3,1442.4,1106.45,395.00463288422003
2026-04-27 11:00:00,11,0,310.0,747.7,42.0,157.6,774.6,1036.2,1466.8,1094.4291666666668,401.57070250743686
2026-04-27 12:00:00,12,0,318.0,654.3,61.0,140.7,747.7,922.9,1679.7,1083.2375,410.20901439281914
2026-04-27 13:00:00,13,0,388.0,993.9,69.0,175.4,654.3,1058.2,2122.9,1080.5583333333332,410.5894521153746
2026-04-27 14:00:00,14,0,378.0,782.4,60.0,147.6,993.9,1265.6,1564.9,1060.425,412.961447037285
2026-04-27 15:00:00,15,0,478.0,1094.1,85.0,162.3,782.4,1296.8,2152.0,1051.9791666666667,409.9789761090771
2026-04-27 16:00:00,16,0,483.0,1157.0,77.0,149.4,1094.1,1400.3,2633.7,1041.8416666666665,403.9553902584277
2026-04-27 17:00:00,17,0,584.0,1286.3,94.0,192.6,1157.0,1185.2,2774.0,1046.0541666666668,406.0371261448502
2026-04-27 18:00:00,18,0,549.0,1342.4,99.0,187.3,1286.3,1584.1,2438.6,1035.9833333333333,394.95816032308437
2026-04-27 19:00:00,19,0,612.0,1394.6,117.0,212.7,1342.4,1773.1,2572.5,1020.2125000000001,371.0801206261409
2026-04-27 20:00:00,20,0,656.0,1455.7,105.0,220.7,1394.6,1983.3,2254.3,998.2291666666666,324.21302106078457
2026-04-27 21:00:00,21,0,642.0,1498.0,129.0,214.9,1455.7,1310.8,2405.8,1006.0291666666666,334.15917253694846
2026-04-27 22:00:00,22,0,533.0,1157.8,79.0,210.7,1498.0,1622.2,2656.1,986.6791666666668,309.46067106888455
2026-04-27 23:00:00,23,0,520.0,1099.6,93.0,180.7,1157.8,1680.9,2258.3,962.4583333333334,273.4120030389958
2026-04-28 00:00:00,0,1,298.0,654.5,47.0,140.9,1099.6,777.6,735.3,957.3291666666668,278.14440803477123
2026-04-28 01:00:00,1,1,304.0,661.1,52.0,119.8,654.5,761.2,689.3,953.1583333333333,281.9379162567306
2026-04-28 02:00:00,2,1,329.0,694.4,49.0,132.7,661.1,782.5,745.7,949.4875000000001,284.81534416484305
2026-04-28 03:00:00,3,1,343.0,796.1,70.0,151.4,694.4,721.5,782.1,952.5958333333333,282.6176161147862
2026-04-28 04:00:00,4,1,281.0,726.2,51.0,131.3,796.1,794.1,791.5,949.7666666666665,284.60609952012067
2026-04-28 05:00:00,5,1,310.0,737.9,59.0,130.6,726.2,842.2,782.6,945.4208333333335,287.10535557400226
2026-04-28 06:00:00,6,1,336.0,823.0,64.0,142.1,737.9,685.7,758.4,951.1416666666668,283.04436880133085
2026-04-28 07:00:00,7,1,335.0,760.2,61.0,145.6,823.0,810.2,763.3,949.0583333333334,284.3080569239692
2026-04-28 08:00:00,8,1,338.0,736.1,52.0,152.6,760.2,859.3,796.6,943.9250000000001,287.0976886463663
2026-04-28 09:00:00,9,1,274.0,633.7,58.0,123.9,736.1,626.3,732.1,944.2333333333335,286.74549640777946
2026-04-28 10:00:00,10,1,363.0,872.3,63.0,148.6,633.7,774.6,670.9,948.3041666666667,284.9202595985568
2026-04-28 11:00:00,11,1,350.0,697.3,53.0,162.0,872.3,747.7,712.0,946.2041666666665,286.6436182700156
2026-04-28 12:00:00,12,1,385.0,878.3,73.0,156.0,697.3,654.3,727.1,955.5374999999999,280.30241713967905
2026-04-28 13:00:00,13,1,354.0,835.5,72.0,154.8,878.3,993.9,902.0,948.9375,281.22319128268254
2026-04-28 14:00:00,14,1,396.0,829.8,62.0,161.6,835.5,782.4,1013.0,950.9125,280.16722539365924
2026-04-28 15:00:00,15,1,433.0,905.6,76.0,184.8,829.8,1094.1,1022.4,943.0583333333334,278.6165011447525
2026-04-28 16:00:00,16,1,496.0,1127.9,98.0,183.8,905.6,1157.0,1030.8,941.8458333333334,277.7068112692976
2026-04-28 17:00:00,17,1,589.0,1182.1,95.0,199.9,1127.9,1286.3,1224.0,937.5041666666666,272.8597083056889
2026-04-28 18:00:00,18,1,660.0,1531.8,113.0,234.6,1182.1,1342.4,1346.3,945.3958333333334,287.4292267962073
2026-04-28 19:00:00,19,1,651.0,1383.5,117.0,228.3,1531.8,1394.6,1327.0,944.9333333333333,286.6829511721137
2026-04-28 20:00:00,20,1,688.0,1395.4,122.0,223.0,1383.5,1455.7,1706.2,942.4208333333335,282.24178345827727
2026-04-28 21:00:00,21,1,559.0,1363.9,124.0,207.8,1395.4,1498.0,1505.8,936.8333333333334,271.90287215117263
2026-04-28 22:00:00,22,1,448.0,1073.6,78.0,189.5,1363.9,1157.8,1160.2,933.3249999999999,269.46004019310277
2026-04-28 23:00:00,23,1,536.0,1266.6,90.0,185.7,1073.6,1099.6,1118.3,940.2833333333333,276.0169507502179
2026-04-29 00:00:00,0,2,334.0,778.4,65.0,159.6,1266.6,654.5,740.4,945.4458333333333,271.56212193315815
2026-04-29 01:00:00,1,2,319.0,793.2,60.0,123.5,778.4,661.1,660.7,950.9500000000002,266.84605723313285
2026-04-29 02:00:00,2,2,361.0,845.1,60.0,147.9,793.2,694.4,761.6,957.2291666666666,262.2807050523397
2026-04-29 03:00:00,3,2,318.0,726.4,60.0,147.8,845.1,796.1,810.1,954.3250000000002,264.5187545746765
2026-04-29 04:00:00,4,2,286.0,669.1,61.0,130.6,726.4,726.2,710.8,951.9458333333333,266.9058113938247
2026-04-29 05:00:00,5,2,367.0,912.2,72.0,136.8,669.1,737.9,658.1,959.2083333333334,263.1736604976055
2026-04-29 06:00:00,6,2,386.0,973.9,66.0,164.2,912.2,823.0,798.3,965.4958333333333,261.57574259154376
2026-04-29 07:00:00,7,2,371.0,755.2,67.0,141.0,973.9,760.2,688.4,965.2874999999999,261.7482948119343
2026-04-29 08:00:00,8,2,293.0,658.6,48.0,159.9,755.2,736.1,639.0,962.0583333333334,265.1545864399552
2026-04-29 09:00:00,9,2,314.0,649.5,54.0,141.5,658.6,633.7,761.5,962.7166666666667,264.3221908575004
2026-04-29 10:00:00,10,2,380.0,866.7,69.0,157.7,649.5,872.3,677.7,962.4833333333332,264.40793526647946
2026-04-29 11:00:00,11,2,359.0,828.4,69.0,133.7,866.7,697.3,703.5,967.9458333333333,260.0088459685223
2026-04-29 12:00:00,12,2,396.0,911.6,74.0,167.6,828.4,878.3,706.7,969.3333333333334,259.598190632579
2026-04-29 13:00:00,13,2,423.0,906.8,73.0,151.7,911.6,835.5,766.9,972.3041666666668,258.40525213259275
2026-04-29 14:00:00,14,2,401.0,940.0,78.0,159.5,906.8,829.8,913.4,976.8958333333334,256.73666339210064
2026-04-29 15:00:00,15,2,397.0,960.3,80.0,160.3,940.0,905.6,1026.7,979.1750000000001,256.31867775333114
2026-04-29 16:00:00,16,2,425.0,859.0,74.0,158.9,960.3,1127.9,1126.9,967.9708333333333,255.4104275545967
2026-04-29 17:00:00,17,2,524.0,1283.0,98.0,191.5,859.0,1182.1,962.3,972.1750000000001,259.87965985950945
2026-04-29 18:00:00,18,2,550.0,1288.4,85.0,199.2,1283.0,1531.8,1283.5,962.0333333333333,241.16661148001472
2026-04-29 19:00:00,19,2,636.0,1331.3,135.0,204.7,1288.4,1383.5,1612.3,959.8583333333335,237.40635484089162
2026-04-29 20:00:00,20,2,576.0,1309.5,127.5,204.45,1331.3,1395.4,1177.3,956.2791666666667,231.11884572974154
2026-04-29 21:00:00,21,2,612.0,1287.7,120.0,204.2,1309.5,1363.9,1577.2,953.1041666666666,225.73640549209506
2026-04-29 22:00:00,22,2,629.0,1428.0,121.0,205.0,1287.7,1073.6,1405.2,967.8708333333333,244.75211679888477
2026-04-29 23:00:00,23,2,610.0,1374.0,103.0,177.4,1428.0,1266.6,1234.0,972.3458333333333,251.34455301380376
2026-04-30 00:00:00,0,3,301.0,704.2,53.0,135.8,1374.0,778.4,719.5,969.2541666666666,254.27319607609513
2026-04-30 01:00:00,1,3,384.0,843.0,69.0,154.6,704.2,793.2,771.7,971.3291666666665,252.9739159593253
2026-04-30 02:00:00,2,3,326.0,706.6,40.0,141.4,843.0,845.1,738.2,965.5583333333334,257.51757376361746
2026-04-30 03:00:00,3,3,384.0,763.4,63.0,146.7,706.6,726.4,859.4,967.0999999999999,256.1305849010185
2026-04-30 04:00:00,4,3,348.0,870.1,55.0,155.8,763.4,669.1,612.7,975.475,249.15402822873915
2026-04-30 05:00:00,5,3,340.0,720.8,69.0,144.2,870.1,912.2,800.2,967.5,254.27792053098895
2026-04-30 06:00:00,6,3,358.0,967.1,78.0,145.6,720.8,973.9,753.8,967.2166666666667,254.27426764893949
2026-04-30 07:00:00,7,3,294.0,666.3,50.0,115.2,967.1,755.2,825.4,963.5124999999999,258.11564195058764
2026-04-30 08:00:00,8,3,337.0,771.3,59.0,127.0,666.3,658.6,738.1,968.2083333333334,253.30764405408416
2026-04-30 09:00:00,9,3,301.0,649.8,61.0,145.2,771.3,649.5,757.6,968.2208333333333,253.2912397928436
2026-04-30 10:00:00,10,3,346.0,908.5,68.0,126.5,649.8,866.7,790.3,969.9625000000001,252.705852055393
2026-04-30 11:00:00,11,3,378.0,855.4,69.0,132.3,908.5,828.4,776.6,971.0875,252.10763283289813
2026-04-30 12:00:00,12,3,385.0,866.6,75.0,162.7,855.4,911.6,766.8,969.2125000000001,252.73585164459837
2026-04-30 13:00:00,13,3,386.0,918.9,65.0,153.0,866.6,906.8,757.8,969.7166666666666,252.61797703021705
2026-04-30 14:00:00,14,3,432.0,986.8,93.0,161.5,918.9,940.0,931.9,971.6666666666666,252.55923741925534
2026-04-30 15:00:00,15,3,478.0,1122.2,65.0,175.9,986.8,960.3,827.4,978.4124999999999,254.39790864689056
2026-04-30 16:00:00,16,3,508.0,1206.6,82.0,182.6,1122.2,859.0,1101.9,992.8958333333334,257.18345588680967
2026-04-30 17:00:00,17,3,550.0,1192.2,100.0,199.5,1206.6,1283.0,1045.0,989.1125000000001,253.36987795384513
2026-04-30 18:00:00,18,3,586.0,1328.1,113.0,215.4,1192.2,1288.4,1437.3,990.7666666666668,255.52917244614758
2026-04-30 19:00:00,19,3,562.0,1402.9,106.0,181.6,1328.1,1331.3,1424.0,993.75,260.0556763129911
2026-04-30 20:00:00,20,3,601.0,1230.9,106.0,210.7,1402.9,1309.5,1317.5,990.4749999999999,256.3752858095171
2026-04-30 21:00:00,21,3,581.0,1185.8,125.0,207.1,1230.9,1287.7,1432.0,986.2291666666666,252.0461577450776
2026-04-30 22:00:00,22,3,524.0,1285.1,77.0,185.0,1185.8,1428.0,1084.9,980.2750000000001,242.6698029439761
2026-04-30 23:00:00,23,3,512.0,1338.1,89.0,188.9,1285.1,1374.0,1285.7,978.7791666666667,240.2357736441524
